[2026-09-28 22:27:49] local.ERROR: SQLSTATE[42S22]: Column not found: 1054 Unknown column 'discount_percent' in 'field list' (Connection: mysql, Host: lerd-mysql, Port: 3306, Database: restaurant_billing_pos, SQL: update `orders` set `subtotal` = 16, `discount_percent` = 20, `discount` = 3.2, `tax_percent` = 5, `tax_amount` = 0.64, `total` = 13.44, `orders`.`updated_at` = 2026-09-28 22:27:49 where `id` = 17) {"userId":2,"exception":"[object] (Illuminate\\Database\\QueryException(code: 42S22): SQLSTATE[42S22]: Column not found: 1054 Unknown column 'discount_percent' in 'field list' (Connection: mysql, Host: lerd-mysql, Port: 3306, Database: restaurant_billing_pos, SQL: update `orders` set `subtotal` = 16, `discount_percent` = 20, `discount` = 3.2, `tax_percent` = 5, `tax_amount` = 0.64, `total` = 13.44, `orders`.`updated_at` = 2026-09-28 22:27:49 where `id` = 17) at /home/noshad/Desktop/Laravel-projects/restaurant-billing-pos/vendor/laravel/framework/src/Illuminate/Database/Connection.php:857)
[stacktrace]
#0 /home/noshad/Desktop/Laravel-projects/restaurant-billing-pos/vendor/laravel/framework/src/Illuminate/Database/Connection.php(813): Illuminate\\Database\\Connection->runQueryCallback('update `orders`...', Array, Object(Closure))
#1 /home/noshad/Desktop/Laravel-projects/restaurant-billing-pos/vendor/laravel/framework/src/Illuminate/Database/Connection.php(614): Illuminate\\Database\\Connection->run('update `orders`...', Array, Object(Closure))
#2 /home/noshad/Desktop/Laravel-projects/restaurant-billing-pos/vendor/laravel/framework/src/Illuminate/Database/Connection.php(566): Illuminate\\Database\\Connection->affectingStatement('update `orders`...', Array)
#3 /home/noshad/Desktop/Laravel-projects/restaurant-billing-pos/vendor/laravel/framework/src/Illuminate/Database/Query/Builder.php(4379): Illuminate\\Database\\Connection->update('update `orders`...', Array)
#4 /home/noshad/Desktop/Laravel-projects/restaurant-billing-pos/vendor/laravel/framework/src/Illuminate/Database/Eloquent/Builder.php(1305): Illuminate\\Database\\Query\\Builder->update(Object(Illuminate\\Support\\Collection))
#5 /home/noshad/Desktop/Laravel-projects/restaurant-billing-pos/vendor/laravel/framework/src/Illuminate/Database/Eloquent/Model.php(1538): Illuminate\\Database\\Eloquent\\Builder->update(Array)
#6 /home/noshad/Desktop/Laravel-projects/restaurant-billing-pos/vendor/laravel/framework/src/Illuminate/Database/Eloquent/Model.php(1420): Illuminate\\Database\\Eloquent\\Model->performUpdate(Object(Illuminate\\Database\\Eloquent\\Builder))
#7 /home/noshad/Desktop/Laravel-projects/restaurant-billing-pos/app/Services/OrderService.php(69): Illuminate\\Database\\Eloquent\\Model->save()
#8 /home/noshad/Desktop/Laravel-projects/restaurant-billing-pos/vendor/laravel/framework/src/Illuminate/Database/Concerns/ManagesTransactions.php(35): App\\Services\\OrderService->{closure:App\\Services\\OrderService::saveOrder():19}(Object(Illuminate\\Database\\MySqlConnection))
#9 /home/noshad/Desktop/Laravel-projects/restaurant-billing-pos/vendor/laravel/framework/src/Illuminate/Database/DatabaseManager.php(502): Illuminate\\Database\\Connection->transaction(Object(Closure))
#10 /home/noshad/Desktop/Laravel-projects/restaurant-billing-pos/vendor/laravel/framework/src/Illuminate/Support/Facades/Facade.php(364): Illuminate\\Database\\DatabaseManager->__call('transaction', Array)
#11 /home/noshad/Desktop/Laravel-projects/restaurant-billing-pos/app/Services/OrderService.php(19): Illuminate\\Support\\Facades\\Facade::__callStatic('transaction', Array)
#12 /home/noshad/Desktop/Laravel-projects/restaurant-billing-pos/app/Http/Controllers/OrderController.php(69): App\\Services\\OrderService->saveOrder(Array, NULL)
#13 /home/noshad/Desktop/Laravel-projects/restaurant-billing-pos/vendor/laravel/framework/src/Illuminate/Routing/ControllerDispatcher.php(46): App\\Http\\Controllers\\OrderController->save(Object(App\\Http\\Requests\\StoreOrderRequest))
#14 /home/noshad/Desktop/Laravel-projects/restaurant-billing-pos/vendor/laravel/framework/src/Illuminate/Routing/Route.php(276): Illuminate\\Routing\\ControllerDispatcher->dispatch(Object(Illuminate\\Routing\\Route), Object(App\\Http\\Controllers\\OrderController), 'save')
#15 /home/noshad/Desktop/Laravel-projects/restaurant-billing-pos/vendor/laravel/framework/src/Illuminate/Routing/Route.php(216): Illuminate\\Routing\\Route->runController()
#16 /home/noshad/Desktop/Laravel-projects/restaurant-billing-pos/vendor/laravel/framework/src/Illuminate/Routing/Router.php(822): Illuminate\\Routing\\Route->run()
#17 /home/noshad/Desktop/Laravel-projects/restaurant-billing-pos/vendor/laravel/framework/src/Illuminate/Pipeline/Pipeline.php(180): Illuminate\\Routing\\Router->{closure:Illuminate\\Routing\\Router::runRouteWithinStack():821}(Object(Illuminate\\Http\\Request))
#18 /home/noshad/Desktop/Laravel-projects/restaurant-billing-pos/vendor/laravel/framework/src/Illuminate/Routing/Middleware/SubstituteBindings.php(52): Illuminate\\Pipeline\\Pipeline->{closure:Illuminate\\Pipeline\\Pipeline::prepareDestination():178}(Object(Illuminate\\Http\\Request))
#19 /home/noshad/Desktop/Laravel-projects/restaurant-billing-pos/vendor/laravel/framework/src/Illuminate/Pipeline/Pipeline.php(219): Illuminate\\Routing\\Middleware\\SubstituteBindings->handle(Object(Illuminate\\Http\\Request), Object(Closure))
#20 /home/noshad/Desktop/Laravel-projects/restaurant-billing-pos/vendor/laravel/framework/src/Illuminate/Auth/Middleware/Authenticate.php(63): Illuminate\\Pipeline\\Pipeline->{closure:{closure:Illuminate\\Pipeline\\Pipeline::carry():194}:195}(Object(Illuminate\\Http\\Request))
#21 /home/noshad/Desktop/Laravel-projects/restaurant-billing-pos/vendor/laravel/framework/src/Illuminate/Pipeline/Pipeline.php(219): Illuminate\\Auth\\Middleware\\Authenticate->handle(Object(Illuminate\\Http\\Request), Object(Closure))
#22 /home/noshad/Desktop/Laravel-projects/restaurant-billing-pos/vendor/laravel/framework/src/Illuminate/Foundation/Http/Middleware/PreventRequestForgery.php(104): Illuminate\\Pipeline\\Pipeline->{closure:{closure:Illuminate\\Pipeline\\Pipeline::carry():194}:195}(Object(Illuminate\\Http\\Request))
#23 /home/noshad/Desktop/Laravel-projects/restaurant-billing-pos/vendor/laravel/framework/src/Illuminate/Pipeline/Pipeline.php(219): Illuminate\\Foundation\\Http\\Middleware\\PreventRequestForgery->handle(Object(Illuminate\\Http\\Request), Object(Closure))
#24 /home/noshad/Desktop/Laravel-projects/restaurant-billing-pos/vendor/laravel/framework/src/Illuminate/View/Middleware/ShareErrorsFromSession.php(48): Illuminate\\Pipeline\\Pipeline->{closure:{closure:Illuminate\\Pipeline\\Pipeline::carry():194}:195}(Object(Illuminate\\Http\\Request))
#25 /home/noshad/Desktop/Laravel-projects/restaurant-billing-pos/vendor/laravel/framework/src/Illuminate/Pipeline/Pipeline.php(219): Illuminate\\View\\Middleware\\ShareErrorsFromSession->handle(Object(Illuminate\\Http\\Request), Object(Closure))
#26 /home/noshad/Desktop/Laravel-projects/restaurant-billing-pos/vendor/laravel/framework/src/Illuminate/Session/Middleware/StartSession.php(120): Illuminate\\Pipeline\\Pipeline->{closure:{closure:Illuminate\\Pipeline\\Pipeline::carry():194}:195}(Object(Illuminate\\Http\\Request))
#27 /home/noshad/Desktop/Laravel-projects/restaurant-billing-pos/vendor/laravel/framework/src/Illuminate/Session/Middleware/StartSession.php(63): Illuminate\\Session\\Middleware\\StartSession->handleStatefulRequest(Object(Illuminate\\Http\\Request), Object(Illuminate\\Session\\Store), Object(Closure))
#28 /home/noshad/Desktop/Laravel-projects/restaurant-billing-pos/vendor/laravel/framework/src/Illuminate/Pipeline/Pipeline.php(219): Illuminate\\Session\\Middleware\\StartSession->handle(Object(Illuminate\\Http\\Request), Object(Closure))
#29 /home/noshad/Desktop/Laravel-projects/restaurant-billing-pos/vendor/laravel/framework/src/Illuminate/Cookie/Middleware/AddQueuedCookiesToResponse.php(36): Illuminate\\Pipeline\\Pipeline->{closure:{closure:Illuminate\\Pipeline\\Pipeline::carry():194}:195}(Object(Illuminate\\Http\\Request))
#30 /home/noshad/Desktop/Laravel-projects/restaurant-billing-pos/vendor/laravel/framework/src/Illuminate/Pipeline/Pipeline.php(219): Illuminate\\Cookie\\Middleware\\AddQueuedCookiesToResponse->handle(Object(Illuminate\\Http\\Request), Object(Closure))
#31 /home/noshad/Desktop/Laravel-projects/restaurant-billing-pos/vendor/laravel/framework/src/Illuminate/Cookie/Middleware/EncryptCookies.php(74): Illuminate\\Pipeline\\Pipeline->{closure:{closure:Illuminate\\Pipeline\\Pipeline::carry():194}:195}(Object(Illuminate\\Http\\Request))
#32 /home/noshad/Desktop/Laravel-projects/restaurant-billing-pos/vendor/laravel/framework/src/Illuminate/Pipeline/Pipeline.php(219): Illuminate\\Cookie\\Middleware\\EncryptCookies->handle(Object(Illuminate\\Http\\Request), Object(Closure))
#33 /home/noshad/Desktop/Laravel-projects/restaurant-billing-pos/vendor/laravel/framework/src/Illuminate/Pipeline/Pipeline.php(137): Illuminate\\Pipeline\\Pipeline->{closure:{closure:Illuminate\\Pipeline\\Pipeline::carry():194}:195}(Object(Illuminate\\Http\\Request))
#34 /home/noshad/Desktop/Laravel-projects/restaurant-billing-pos/vendor/laravel/framework/src/Illuminate/Routing/Router.php(821): Illuminate\\Pipeline\\Pipeline->then(Object(Closure))
#35 /home/noshad/Desktop/Laravel-projects/restaurant-billing-pos/vendor/laravel/framework/src/Illuminate/Routing/Router.php(800): Illuminate\\Routing\\Router->runRouteWithinStack(Object(Illuminate\\Routing\\Route), Object(Illuminate\\Http\\Request))
#36 /home/noshad/Desktop/Laravel-projects/restaurant-billing-pos/vendor/laravel/framework/src/Illuminate/Routing/Router.php(764): Illuminate\\Routing\\Router->runRoute(Object(Illuminate\\Http\\Request), Object(Illuminate\\Routing\\Route))
#37 /home/noshad/Desktop/Laravel-projects/restaurant-billing-pos/vendor/laravel/framework/src/Illuminate/Routing/Router.php(753): Illuminate\\Routing\\Router->dispatchToRoute(Object(Illuminate\\Http\\Request))
#38 /home/noshad/Desktop/Laravel-projects/restaurant-billing-pos/vendor/laravel/framework/src/Illuminate/Foundation/Http/Kernel.php(200): Illuminate\\Routing\\Router->dispatch(Object(Illuminate\\Http\\Request))
#39 /home/noshad/Desktop/Laravel-projects/restaurant-billing-pos/vendor/laravel/framework/src/Illuminate/Pipeline/Pipeline.php(180): Illuminate\\Foundation\\Http\\Kernel->{closure:Illuminate\\Foundation\\Http\\Kernel::dispatchToRouter():197}(Object(Illuminate\\Http\\Request))
#40 /home/noshad/Desktop/Laravel-projects/restaurant-billing-pos/vendor/laravel/framework/src/Illuminate/Foundation/Http/Middleware/TransformsRequest.php(21): Illuminate\\Pipeline\\Pipeline->{closure:Illuminate\\Pipeline\\Pipeline::prepareDestination():178}(Object(Illuminate\\Http\\Request))
#41 /home/noshad/Desktop/Laravel-projects/restaurant-billing-pos/vendor/laravel/framework/src/Illuminate/Foundation/Http/Middleware/ConvertEmptyStringsToNull.php(31): Illuminate\\Foundation\\Http\\Middleware\\TransformsRequest->handle(Object(Illuminate\\Http\\Request), Object(Closure))
#42 /home/noshad/Desktop/Laravel-projects/restaurant-billing-pos/vendor/laravel/framework/src/Illuminate/Pipeline/Pipeline.php(219): Illuminate\\Foundation\\Http\\Middleware\\ConvertEmptyStringsToNull->handle(Object(Illuminate\\Http\\Request), Object(Closure))
#43 /home/noshad/Desktop/Laravel-projects/restaurant-billing-pos/vendor/laravel/framework/src/Illuminate/Foundation/Http/Middleware/TransformsRequest.php(21): Illuminate\\Pipeline\\Pipeline->{closure:{closure:Illuminate\\Pipeline\\Pipeline::carry():194}:195}(Object(Illuminate\\Http\\Request))
#44 /home/noshad/Desktop/Laravel-projects/restaurant-billing-pos/vendor/laravel/framework/src/Illuminate/Foundation/Http/Middleware/TrimStrings.php(51): Illuminate\\Foundation\\Http\\Middleware\\TransformsRequest->handle(Object(Illuminate\\Http\\Request), Object(Closure))
#45 /home/noshad/Desktop/Laravel-projects/restaurant-billing-pos/vendor/laravel/framework/src/Illuminate/Pipeline/Pipeline.php(219): Illuminate\\Foundation\\Http\\Middleware\\TrimStrings->handle(Object(Illuminate\\Http\\Request), Object(Closure))
#46 /home/noshad/Desktop/Laravel-projects/restaurant-billing-pos/vendor/laravel/framework/src/Illuminate/Http/Middleware/ValidatePostSize.php(27): Illuminate\\Pipeline\\Pipeline->{closure:{closure:Illuminate\\Pipeline\\Pipeline::carry():194}:195}(Object(Illuminate\\Http\\Request))
#47 /home/noshad/Desktop/Laravel-projects/restaurant-billing-pos/vendor/laravel/framework/src/Illuminate/Pipeline/Pipeline.php(219): Illuminate\\Http\\Middleware\\ValidatePostSize->handle(Object(Illuminate\\Http\\Request), Object(Closure))
#48 /home/noshad/Desktop/Laravel-projects/restaurant-billing-pos/vendor/laravel/framework/src/Illuminate/Foundation/Http/Middleware/PreventRequestsDuringMaintenance.php(110): Illuminate\\Pipeline\\Pipeline->{closure:{closure:Illuminate\\Pipeline\\Pipeline::carry():194}:195}(Object(Illuminate\\Http\\Request))
#49 /home/noshad/Desktop/Laravel-projects/restaurant-billing-pos/vendor/laravel/framework/src/Illuminate/Pipeline/Pipeline.php(219): Illuminate\\Foundation\\Http\\Middleware\\PreventRequestsDuringMaintenance->handle(Object(Illuminate\\Http\\Request), Object(Closure))
#50 /home/noshad/Desktop/Laravel-projects/restaurant-billing-pos/vendor/laravel/framework/src/Illuminate/Http/Middleware/HandleCors.php(61): Illuminate\\Pipeline\\Pipeline->{closure:{closure:Illuminate\\Pipeline\\Pipeline::carry():194}:195}(Object(Illuminate\\Http\\Request))
#51 /home/noshad/Desktop/Laravel-projects/restaurant-billing-pos/vendor/laravel/framework/src/Illuminate/Pipeline/Pipeline.php(219): Illuminate\\Http\\Middleware\\HandleCors->handle(Object(Illuminate\\Http\\Request), Object(Closure))
#52 /home/noshad/Desktop/Laravel-projects/restaurant-billing-pos/vendor/laravel/framework/src/Illuminate/Http/Middleware/TrustProxies.php(58): Illuminate\\Pipeline\\Pipeline->{closure:{closure:Illuminate\\Pipeline\\Pipeline::carry():194}:195}(Object(Illuminate\\Http\\Request))
#53 /home/noshad/Desktop/Laravel-projects/restaurant-billing-pos/vendor/laravel/framework/src/Illuminate/Pipeline/Pipeline.php(219): Illuminate\\Http\\Middleware\\TrustProxies->handle(Object(Illuminate\\Http\\Request), Object(Closure))
#54 /home/noshad/Desktop/Laravel-projects/restaurant-billing-pos/vendor/laravel/framework/src/Illuminate/Pipeline/Pipeline.php(137): Illuminate\\Pipeline\\Pipeline->{closure:{closure:Illuminate\\Pipeline\\Pipeline::carry():194}:195}(Object(Illuminate\\Http\\Request))
#55 /home/noshad/Desktop/Laravel-projects/restaurant-billing-pos/vendor/laravel/framework/src/Illuminate/Foundation/Http/Kernel.php(175): Illuminate\\Pipeline\\Pipeline->then(Object(Closure))
#56 /home/noshad/Desktop/Laravel-projects/restaurant-billing-pos/vendor/laravel/framework/src/Illuminate/Foundation/Http/Kernel.php(144): Illuminate\\Foundation\\Http\\Kernel->sendRequestThroughRouter(Object(Illuminate\\Http\\Request))
#57 /home/noshad/Desktop/Laravel-projects/restaurant-billing-pos/public/index.php(18): Illuminate\\Foundation\\Http\\Kernel->handle(Object(Illuminate\\Http\\Request))
#58 {main}

[previous exception] [object] (PDOException(code: 42S22): SQLSTATE[42S22]: Column not found: 1054 Unknown column 'discount_percent' in 'field list' at /home/noshad/Desktop/Laravel-projects/restaurant-billing-pos/vendor/laravel/framework/src/Illuminate/Database/Connection.php:622)
[stacktrace]
#0 /home/noshad/Desktop/Laravel-projects/restaurant-billing-pos/vendor/laravel/framework/src/Illuminate/Database/Connection.php(622): PDO->prepare('update `orders`...')
#1 /home/noshad/Desktop/Laravel-projects/restaurant-billing-pos/vendor/laravel/framework/src/Illuminate/Database/Connection.php(846): Illuminate\\Database\\Connection->{closure:Illuminate\\Database\\Connection::affectingStatement():614}('update `orders`...', Array)
#2 /home/noshad/Desktop/Laravel-projects/restaurant-billing-pos/vendor/laravel/framework/src/Illuminate/Database/Connection.php(813): Illuminate\\Database\\Connection->runQueryCallback('update `orders`...', Array, Object(Closure))
#3 /home/noshad/Desktop/Laravel-projects/restaurant-billing-pos/vendor/laravel/framework/src/Illuminate/Database/Connection.php(614): Illuminate\\Database\\Connection->run('update `orders`...', Array, Object(Closure))
#4 /home/noshad/Desktop/Laravel-projects/restaurant-billing-pos/vendor/laravel/framework/src/Illuminate/Database/Connection.php(566): Illuminate\\Database\\Connection->affectingStatement('update `orders`...', Array)
#5 /home/noshad/Desktop/Laravel-projects/restaurant-billing-pos/vendor/laravel/framework/src/Illuminate/Database/Query/Builder.php(4379): Illuminate\\Database\\Connection->update('update `orders`...', Array)
#6 /home/noshad/Desktop/Laravel-projects/restaurant-billing-pos/vendor/laravel/framework/src/Illuminate/Database/Eloquent/Builder.php(1305): Illuminate\\Database\\Query\\Builder->update(Object(Illuminate\\Support\\Collection))
#7 /home/noshad/Desktop/Laravel-projects/restaurant-billing-pos/vendor/laravel/framework/src/Illuminate/Database/Eloquent/Model.php(1538): Illuminate\\Database\\Eloquent\\Builder->update(Array)
#8 /home/noshad/Desktop/Laravel-projects/restaurant-billing-pos/vendor/laravel/framework/src/Illuminate/Database/Eloquent/Model.php(1420): Illuminate\\Database\\Eloquent\\Model->performUpdate(Object(Illuminate\\Database\\Eloquent\\Builder))
#9 /home/noshad/Desktop/Laravel-projects/restaurant-billing-pos/app/Services/OrderService.php(69): Illuminate\\Database\\Eloquent\\Model->save()
#10 /home/noshad/Desktop/Laravel-projects/restaurant-billing-pos/vendor/laravel/framework/src/Illuminate/Database/Concerns/ManagesTransactions.php(35): App\\Services\\OrderService->{closure:App\\Services\\OrderService::saveOrder():19}(Object(Illuminate\\Database\\MySqlConnection))
#11 /home/noshad/Desktop/Laravel-projects/restaurant-billing-pos/vendor/laravel/framework/src/Illuminate/Database/DatabaseManager.php(502): Illuminate\\Database\\Connection->transaction(Object(Closure))
#12 /home/noshad/Desktop/Laravel-projects/restaurant-billing-pos/vendor/laravel/framework/src/Illuminate/Support/Facades/Facade.php(364): Illuminate\\Database\\DatabaseManager->__call('transaction', Array)
#13 /home/noshad/Desktop/Laravel-projects/restaurant-billing-pos/app/Services/OrderService.php(19): Illuminate\\Support\\Facades\\Facade::__callStatic('transaction', Array)
#14 /home/noshad/Desktop/Laravel-projects/restaurant-billing-pos/app/Http/Controllers/OrderController.php(69): App\\Services\\OrderService->saveOrder(Array, NULL)
#15 /home/noshad/Desktop/Laravel-projects/restaurant-billing-pos/vendor/laravel/framework/src/Illuminate/Routing/ControllerDispatcher.php(46): App\\Http\\Controllers\\OrderController->save(Object(App\\Http\\Requests\\StoreOrderRequest))
#16 /home/noshad/Desktop/Laravel-projects/restaurant-billing-pos/vendor/laravel/framework/src/Illuminate/Routing/Route.php(276): Illuminate\\Routing\\ControllerDispatcher->dispatch(Object(Illuminate\\Routing\\Route), Object(App\\Http\\Controllers\\OrderController), 'save')
#17 /home/noshad/Desktop/Laravel-projects/restaurant-billing-pos/vendor/laravel/framework/src/Illuminate/Routing/Route.php(216): Illuminate\\Routing\\Route->runController()
#18 /home/noshad/Desktop/Laravel-projects/restaurant-billing-pos/vendor/laravel/framework/src/Illuminate/Routing/Router.php(822): Illuminate\\Routing\\Route->run()
#19 /home/noshad/Desktop/Laravel-projects/restaurant-billing-pos/vendor/laravel/framework/src/Illuminate/Pipeline/Pipeline.php(180): Illuminate\\Routing\\Router->{closure:Illuminate\\Routing\\Router::runRouteWithinStack():821}(Object(Illuminate\\Http\\Request))
#20 /home/noshad/Desktop/Laravel-projects/restaurant-billing-pos/vendor/laravel/framework/src/Illuminate/Routing/Middleware/SubstituteBindings.php(52): Illuminate\\Pipeline\\Pipeline->{closure:Illuminate\\Pipeline\\Pipeline::prepareDestination():178}(Object(Illuminate\\Http\\Request))
#21 /home/noshad/Desktop/Laravel-projects/restaurant-billing-pos/vendor/laravel/framework/src/Illuminate/Pipeline/Pipeline.php(219): Illuminate\\Routing\\Middleware\\SubstituteBindings->handle(Object(Illuminate\\Http\\Request), Object(Closure))
#22 /home/noshad/Desktop/Laravel-projects/restaurant-billing-pos/vendor/laravel/framework/src/Illuminate/Auth/Middleware/Authenticate.php(63): Illuminate\\Pipeline\\Pipeline->{closure:{closure:Illuminate\\Pipeline\\Pipeline::carry():194}:195}(Object(Illuminate\\Http\\Request))
#23 /home/noshad/Desktop/Laravel-projects/restaurant-billing-pos/vendor/laravel/framework/src/Illuminate/Pipeline/Pipeline.php(219): Illuminate\\Auth\\Middleware\\Authenticate->handle(Object(Illuminate\\Http\\Request), Object(Closure))
#24 /home/noshad/Desktop/Laravel-projects/restaurant-billing-pos/vendor/laravel/framework/src/Illuminate/Foundation/Http/Middleware/PreventRequestForgery.php(104): Illuminate\\Pipeline\\Pipeline->{closure:{closure:Illuminate\\Pipeline\\Pipeline::carry():194}:195}(Object(Illuminate\\Http\\Request))
#25 /home/noshad/Desktop/Laravel-projects/restaurant-billing-pos/vendor/laravel/framework/src/Illuminate/Pipeline/Pipeline.php(219): Illuminate\\Foundation\\Http\\Middleware\\PreventRequestForgery->handle(Object(Illuminate\\Http\\Request), Object(Closure))
#26 /home/noshad/Desktop/Laravel-projects/restaurant-billing-pos/vendor/laravel/framework/src/Illuminate/View/Middleware/ShareErrorsFromSession.php(48): Illuminate\\Pipeline\\Pipeline->{closure:{closure:Illuminate\\Pipeline\\Pipeline::carry():194}:195}(Object(Illuminate\\Http\\Request))
#27 /home/noshad/Desktop/Laravel-projects/restaurant-billing-pos/vendor/laravel/framework/src/Illuminate/Pipeline/Pipeline.php(219): Illuminate\\View\\Middleware\\ShareErrorsFromSession->handle(Object(Illuminate\\Http\\Request), Object(Closure))
#28 /home/noshad/Desktop/Laravel-projects/restaurant-billing-pos/vendor/laravel/framework/src/Illuminate/Session/Middleware/StartSession.php(120): Illuminate\\Pipeline\\Pipeline->{closure:{closure:Illuminate\\Pipeline\\Pipeline::carry():194}:195}(Object(Illuminate\\Http\\Request))
#29 /home/noshad/Desktop/Laravel-projects/restaurant-billing-pos/vendor/laravel/framework/src/Illuminate/Session/Middleware/StartSession.php(63): Illuminate\\Session\\Middleware\\StartSession->handleStatefulRequest(Object(Illuminate\\Http\\Request), Object(Illuminate\\Session\\Store), Object(Closure))
#30 /home/noshad/Desktop/Laravel-projects/restaurant-billing-pos/vendor/laravel/framework/src/Illuminate/Pipeline/Pipeline.php(219): Illuminate\\Session\\Middleware\\StartSession->handle(Object(Illuminate\\Http\\Request), Object(Closure))
#31 /home/noshad/Desktop/Laravel-projects/restaurant-billing-pos/vendor/laravel/framework/src/Illuminate/Cookie/Middleware/AddQueuedCookiesToResponse.php(36): Illuminate\\Pipeline\\Pipeline->{closure:{closure:Illuminate\\Pipeline\\Pipeline::carry():194}:195}(Object(Illuminate\\Http\\Request))
#32 /home/noshad/Desktop/Laravel-projects/restaurant-billing-pos/vendor/laravel/framework/src/Illuminate/Pipeline/Pipeline.php(219): Illuminate\\Cookie\\Middleware\\AddQueuedCookiesToResponse->handle(Object(Illuminate\\Http\\Request), Object(Closure))
#33 /home/noshad/Desktop/Laravel-projects/restaurant-billing-pos/vendor/laravel/framework/src/Illuminate/Cookie/Middleware/EncryptCookies.php(74): Illuminate\\Pipeline\\Pipeline->{closure:{closure:Illuminate\\Pipeline\\Pipeline::carry():194}:195}(Object(Illuminate\\Http\\Request))
#34 /home/noshad/Desktop/Laravel-projects/restaurant-billing-pos/vendor/laravel/framework/src/Illuminate/Pipeline/Pipeline.php(219): Illuminate\\Cookie\\Middleware\\EncryptCookies->handle(Object(Illuminate\\Http\\Request), Object(Closure))
#35 /home/noshad/Desktop/Laravel-projects/restaurant-billing-pos/vendor/laravel/framework/src/Illuminate/Pipeline/Pipeline.php(137): Illuminate\\Pipeline\\Pipeline->{closure:{closure:Illuminate\\Pipeline\\Pipeline::carry():194}:195}(Object(Illuminate\\Http\\Request))
#36 /home/noshad/Desktop/Laravel-projects/restaurant-billing-pos/vendor/laravel/framework/src/Illuminate/Routing/Router.php(821): Illuminate\\Pipeline\\Pipeline->then(Object(Closure))
#37 /home/noshad/Desktop/Laravel-projects/restaurant-billing-pos/vendor/laravel/framework/src/Illuminate/Routing/Router.php(800): Illuminate\\Routing\\Router->runRouteWithinStack(Object(Illuminate\\Routing\\Route), Object(Illuminate\\Http\\Request))
#38 /home/noshad/Desktop/Laravel-projects/restaurant-billing-pos/vendor/laravel/framework/src/Illuminate/Routing/Router.php(764): Illuminate\\Routing\\Router->runRoute(Object(Illuminate\\Http\\Request), Object(Illuminate\\Routing\\Route))
#39 /home/noshad/Desktop/Laravel-projects/restaurant-billing-pos/vendor/laravel/framework/src/Illuminate/Routing/Router.php(753): Illuminate\\Routing\\Router->dispatchToRoute(Object(Illuminate\\Http\\Request))
#40 /home/noshad/Desktop/Laravel-projects/restaurant-billing-pos/vendor/laravel/framework/src/Illuminate/Foundation/Http/Kernel.php(200): Illuminate\\Routing\\Router->dispatch(Object(Illuminate\\Http\\Request))
#41 /home/noshad/Desktop/Laravel-projects/restaurant-billing-pos/vendor/laravel/framework/src/Illuminate/Pipeline/Pipeline.php(180): Illuminate\\Foundation\\Http\\Kernel->{closure:Illuminate\\Foundation\\Http\\Kernel::dispatchToRouter():197}(Object(Illuminate\\Http\\Request))
#42 /home/noshad/Desktop/Laravel-projects/restaurant-billing-pos/vendor/laravel/framework/src/Illuminate/Foundation/Http/Middleware/TransformsRequest.php(21): Illuminate\\Pipeline\\Pipeline->{closure:Illuminate\\Pipeline\\Pipeline::prepareDestination():178}(Object(Illuminate\\Http\\Request))
#43 /home/noshad/Desktop/Laravel-projects/restaurant-billing-pos/vendor/laravel/framework/src/Illuminate/Foundation/Http/Middleware/ConvertEmptyStringsToNull.php(31): Illuminate\\Foundation\\Http\\Middleware\\TransformsRequest->handle(Object(Illuminate\\Http\\Request), Object(Closure))
#44 /home/noshad/Desktop/Laravel-projects/restaurant-billing-pos/vendor/laravel/framework/src/Illuminate/Pipeline/Pipeline.php(219): Illuminate\\Foundation\\Http\\Middleware\\ConvertEmptyStringsToNull->handle(Object(Illuminate\\Http\\Request), Object(Closure))
#45 /home/noshad/Desktop/Laravel-projects/restaurant-billing-pos/vendor/laravel/framework/src/Illuminate/Foundation/Http/Middleware/TransformsRequest.php(21): Illuminate\\Pipeline\\Pipeline->{closure:{closure:Illuminate\\Pipeline\\Pipeline::carry():194}:195}(Object(Illuminate\\Http\\Request))
#46 /home/noshad/Desktop/Laravel-projects/restaurant-billing-pos/vendor/laravel/framework/src/Illuminate/Foundation/Http/Middleware/TrimStrings.php(51): Illuminate\\Foundation\\Http\\Middleware\\TransformsRequest->handle(Object(Illuminate\\Http\\Request), Object(Closure))
#47 /home/noshad/Desktop/Laravel-projects/restaurant-billing-pos/vendor/laravel/framework/src/Illuminate/Pipeline/Pipeline.php(219): Illuminate\\Foundation\\Http\\Middleware\\TrimStrings->handle(Object(Illuminate\\Http\\Request), Object(Closure))
#48 /home/noshad/Desktop/Laravel-projects/restaurant-billing-pos/vendor/laravel/framework/src/Illuminate/Http/Middleware/ValidatePostSize.php(27): Illuminate\\Pipeline\\Pipeline->{closure:{closure:Illuminate\\Pipeline\\Pipeline::carry():194}:195}(Object(Illuminate\\Http\\Request))
#49 /home/noshad/Desktop/Laravel-projects/restaurant-billing-pos/vendor/laravel/framework/src/Illuminate/Pipeline/Pipeline.php(219): Illuminate\\Http\\Middleware\\ValidatePostSize->handle(Object(Illuminate\\Http\\Request), Object(Closure))
#50 /home/noshad/Desktop/Laravel-projects/restaurant-billing-pos/vendor/laravel/framework/src/Illuminate/Foundation/Http/Middleware/PreventRequestsDuringMaintenance.php(110): Illuminate\\Pipeline\\Pipeline->{closure:{closure:Illuminate\\Pipeline\\Pipeline::carry():194}:195}(Object(Illuminate\\Http\\Request))
#51 /home/noshad/Desktop/Laravel-projects/restaurant-billing-pos/vendor/laravel/framework/src/Illuminate/Pipeline/Pipeline.php(219): Illuminate\\Foundation\\Http\\Middleware\\PreventRequestsDuringMaintenance->handle(Object(Illuminate\\Http\\Request), Object(Closure))
#52 /home/noshad/Desktop/Laravel-projects/restaurant-billing-pos/vendor/laravel/framework/src/Illuminate/Http/Middleware/HandleCors.php(61): Illuminate\\Pipeline\\Pipeline->{closure:{closure:Illuminate\\Pipeline\\Pipeline::carry():194}:195}(Object(Illuminate\\Http\\Request))
#53 /home/noshad/Desktop/Laravel-projects/restaurant-billing-pos/vendor/laravel/framework/src/Illuminate/Pipeline/Pipeline.php(219): Illuminate\\Http\\Middleware\\HandleCors->handle(Object(Illuminate\\Http\\Request), Object(Closure))
#54 /home/noshad/Desktop/Laravel-projects/restaurant-billing-pos/vendor/laravel/framework/src/Illuminate/Http/Middleware/TrustProxies.php(58): Illuminate\\Pipeline\\Pipeline->{closure:{closure:Illuminate\\Pipeline\\Pipeline::carry():194}:195}(Object(Illuminate\\Http\\Request))
#55 /home/noshad/Desktop/Laravel-projects/restaurant-billing-pos/vendor/laravel/framework/src/Illuminate/Pipeline/Pipeline.php(219): Illuminate\\Http\\Middleware\\TrustProxies->handle(Object(Illuminate\\Http\\Request), Object(Closure))
#56 /home/noshad/Desktop/Laravel-projects/restaurant-billing-pos/vendor/laravel/framework/src/Illuminate/Pipeline/Pipeline.php(137): Illuminate\\Pipeline\\Pipeline->{closure:{closure:Illuminate\\Pipeline\\Pipeline::carry():194}:195}(Object(Illuminate\\Http\\Request))
#57 /home/noshad/Desktop/Laravel-projects/restaurant-billing-pos/vendor/laravel/framework/src/Illuminate/Foundation/Http/Kernel.php(175): Illuminate\\Pipeline\\Pipeline->then(Object(Closure))
#58 /home/noshad/Desktop/Laravel-projects/restaurant-billing-pos/vendor/laravel/framework/src/Illuminate/Foundation/Http/Kernel.php(144): Illuminate\\Foundation\\Http\\Kernel->sendRequestThroughRouter(Object(Illuminate\\Http\\Request))
#59 /home/noshad/Desktop/Laravel-projects/restaurant-billing-pos/public/index.php(18): Illuminate\\Foundation\\Http\\Kernel->handle(Object(Illuminate\\Http\\Request))
#60 {main}
"} 
[2026-09-28 22:27:55] local.ERROR: SQLSTATE[42S22]: Column not found: 1054 Unknown column 'discount_percent' in 'field list' (Connection: mysql, Host: lerd-mysql, Port: 3306, Database: restaurant_billing_pos, SQL: update `orders` set `subtotal` = 16, `discount_percent` = 20, `discount` = 3.2, `tax_percent` = 5, `tax_amount` = 0.64, `total` = 13.44, `orders`.`updated_at` = 2026-09-28 22:27:55 where `id` = 18) {"userId":2,"exception":"[object] (Illuminate\\Database\\QueryException(code: 42S22): SQLSTATE[42S22]: Column not found: 1054 Unknown column 'discount_percent' in 'field list' (Connection: mysql, Host: lerd-mysql, Port: 3306, Database: restaurant_billing_pos, SQL: update `orders` set `subtotal` = 16, `discount_percent` = 20, `discount` = 3.2, `tax_percent` = 5, `tax_amount` = 0.64, `total` = 13.44, `orders`.`updated_at` = 2026-09-28 22:27:55 where `id` = 18) at /home/noshad/Desktop/Laravel-projects/restaurant-billing-pos/vendor/laravel/framework/src/Illuminate/Database/Connection.php:857)
[stacktrace]
#0 /home/noshad/Desktop/Laravel-projects/restaurant-billing-pos/vendor/laravel/framework/src/Illuminate/Database/Connection.php(813): Illuminate\\Database\\Connection->runQueryCallback('update `orders`...', Array, Object(Closure))
#1 /home/noshad/Desktop/Laravel-projects/restaurant-billing-pos/vendor/laravel/framework/src/Illuminate/Database/Connection.php(614): Illuminate\\Database\\Connection->run('update `orders`...', Array, Object(Closure))
#2 /home/noshad/Desktop/Laravel-projects/restaurant-billing-pos/vendor/laravel/framework/src/Illuminate/Database/Connection.php(566): Illuminate\\Database\\Connection->affectingStatement('update `orders`...', Array)
#3 /home/noshad/Desktop/Laravel-projects/restaurant-billing-pos/vendor/laravel/framework/src/Illuminate/Database/Query/Builder.php(4379): Illuminate\\Database\\Connection->update('update `orders`...', Array)
#4 /home/noshad/Desktop/Laravel-projects/restaurant-billing-pos/vendor/laravel/framework/src/Illuminate/Database/Eloquent/Builder.php(1305): Illuminate\\Database\\Query\\Builder->update(Object(Illuminate\\Support\\Collection))
#5 /home/noshad/Desktop/Laravel-projects/restaurant-billing-pos/vendor/laravel/framework/src/Illuminate/Database/Eloquent/Model.php(1538): Illuminate\\Database\\Eloquent\\Builder->update(Array)
#6 /home/noshad/Desktop/Laravel-projects/restaurant-billing-pos/vendor/laravel/framework/src/Illuminate/Database/Eloquent/Model.php(1420): Illuminate\\Database\\Eloquent\\Model->performUpdate(Object(Illuminate\\Database\\Eloquent\\Builder))
#7 /home/noshad/Desktop/Laravel-projects/restaurant-billing-pos/app/Services/OrderService.php(69): Illuminate\\Database\\Eloquent\\Model->save()
#8 /home/noshad/Desktop/Laravel-projects/restaurant-billing-pos/vendor/laravel/framework/src/Illuminate/Database/Concerns/ManagesTransactions.php(35): App\\Services\\OrderService->{closure:App\\Services\\OrderService::saveOrder():19}(Object(Illuminate\\Database\\MySqlConnection))
#9 /home/noshad/Desktop/Laravel-projects/restaurant-billing-pos/vendor/laravel/framework/src/Illuminate/Database/DatabaseManager.php(502): Illuminate\\Database\\Connection->transaction(Object(Closure))
#10 /home/noshad/Desktop/Laravel-projects/restaurant-billing-pos/vendor/laravel/framework/src/Illuminate/Support/Facades/Facade.php(364): Illuminate\\Database\\DatabaseManager->__call('transaction', Array)
#11 /home/noshad/Desktop/Laravel-projects/restaurant-billing-pos/app/Services/OrderService.php(19): Illuminate\\Support\\Facades\\Facade::__callStatic('transaction', Array)
#12 /home/noshad/Desktop/Laravel-projects/restaurant-billing-pos/app/Http/Controllers/OrderController.php(69): App\\Services\\OrderService->saveOrder(Array, NULL)
#13 /home/noshad/Desktop/Laravel-projects/restaurant-billing-pos/vendor/laravel/framework/src/Illuminate/Routing/ControllerDispatcher.php(46): App\\Http\\Controllers\\OrderController->save(Object(App\\Http\\Requests\\StoreOrderRequest))
#14 /home/noshad/Desktop/Laravel-projects/restaurant-billing-pos/vendor/laravel/framework/src/Illuminate/Routing/Route.php(276): Illuminate\\Routing\\ControllerDispatcher->dispatch(Object(Illuminate\\Routing\\Route), Object(App\\Http\\Controllers\\OrderController), 'save')
#15 /home/noshad/Desktop/Laravel-projects/restaurant-billing-pos/vendor/laravel/framework/src/Illuminate/Routing/Route.php(216): Illuminate\\Routing\\Route->runController()
#16 /home/noshad/Desktop/Laravel-projects/restaurant-billing-pos/vendor/laravel/framework/src/Illuminate/Routing/Router.php(822): Illuminate\\Routing\\Route->run()
#17 /home/noshad/Desktop/Laravel-projects/restaurant-billing-pos/vendor/laravel/framework/src/Illuminate/Pipeline/Pipeline.php(180): Illuminate\\Routing\\Router->{closure:Illuminate\\Routing\\Router::runRouteWithinStack():821}(Object(Illuminate\\Http\\Request))
#18 /home/noshad/Desktop/Laravel-projects/restaurant-billing-pos/vendor/laravel/framework/src/Illuminate/Routing/Middleware/SubstituteBindings.php(52): Illuminate\\Pipeline\\Pipeline->{closure:Illuminate\\Pipeline\\Pipeline::prepareDestination():178}(Object(Illuminate\\Http\\Request))
#19 /home/noshad/Desktop/Laravel-projects/restaurant-billing-pos/vendor/laravel/framework/src/Illuminate/Pipeline/Pipeline.php(219): Illuminate\\Routing\\Middleware\\SubstituteBindings->handle(Object(Illuminate\\Http\\Request), Object(Closure))
#20 /home/noshad/Desktop/Laravel-projects/restaurant-billing-pos/vendor/laravel/framework/src/Illuminate/Auth/Middleware/Authenticate.php(63): Illuminate\\Pipeline\\Pipeline->{closure:{closure:Illuminate\\Pipeline\\Pipeline::carry():194}:195}(Object(Illuminate\\Http\\Request))
#21 /home/noshad/Desktop/Laravel-projects/restaurant-billing-pos/vendor/laravel/framework/src/Illuminate/Pipeline/Pipeline.php(219): Illuminate\\Auth\\Middleware\\Authenticate->handle(Object(Illuminate\\Http\\Request), Object(Closure))
#22 /home/noshad/Desktop/Laravel-projects/restaurant-billing-pos/vendor/laravel/framework/src/Illuminate/Foundation/Http/Middleware/PreventRequestForgery.php(104): Illuminate\\Pipeline\\Pipeline->{closure:{closure:Illuminate\\Pipeline\\Pipeline::carry():194}:195}(Object(Illuminate\\Http\\Request))
#23 /home/noshad/Desktop/Laravel-projects/restaurant-billing-pos/vendor/laravel/framework/src/Illuminate/Pipeline/Pipeline.php(219): Illuminate\\Foundation\\Http\\Middleware\\PreventRequestForgery->handle(Object(Illuminate\\Http\\Request), Object(Closure))
#24 /home/noshad/Desktop/Laravel-projects/restaurant-billing-pos/vendor/laravel/framework/src/Illuminate/View/Middleware/ShareErrorsFromSession.php(48): Illuminate\\Pipeline\\Pipeline->{closure:{closure:Illuminate\\Pipeline\\Pipeline::carry():194}:195}(Object(Illuminate\\Http\\Request))
#25 /home/noshad/Desktop/Laravel-projects/restaurant-billing-pos/vendor/laravel/framework/src/Illuminate/Pipeline/Pipeline.php(219): Illuminate\\View\\Middleware\\ShareErrorsFromSession->handle(Object(Illuminate\\Http\\Request), Object(Closure))
#26 /home/noshad/Desktop/Laravel-projects/restaurant-billing-pos/vendor/laravel/framework/src/Illuminate/Session/Middleware/StartSession.php(120): Illuminate\\Pipeline\\Pipeline->{closure:{closure:Illuminate\\Pipeline\\Pipeline::carry():194}:195}(Object(Illuminate\\Http\\Request))
#27 /home/noshad/Desktop/Laravel-projects/restaurant-billing-pos/vendor/laravel/framework/src/Illuminate/Session/Middleware/StartSession.php(63): Illuminate\\Session\\Middleware\\StartSession->handleStatefulRequest(Object(Illuminate\\Http\\Request), Object(Illuminate\\Session\\Store), Object(Closure))
#28 /home/noshad/Desktop/Laravel-projects/restaurant-billing-pos/vendor/laravel/framework/src/Illuminate/Pipeline/Pipeline.php(219): Illuminate\\Session\\Middleware\\StartSession->handle(Object(Illuminate\\Http\\Request), Object(Closure))
#29 /home/noshad/Desktop/Laravel-projects/restaurant-billing-pos/vendor/laravel/framework/src/Illuminate/Cookie/Middleware/AddQueuedCookiesToResponse.php(36): Illuminate\\Pipeline\\Pipeline->{closure:{closure:Illuminate\\Pipeline\\Pipeline::carry():194}:195}(Object(Illuminate\\Http\\Request))
#30 /home/noshad/Desktop/Laravel-projects/restaurant-billing-pos/vendor/laravel/framework/src/Illuminate/Pipeline/Pipeline.php(219): Illuminate\\Cookie\\Middleware\\AddQueuedCookiesToResponse->handle(Object(Illuminate\\Http\\Request), Object(Closure))
#31 /home/noshad/Desktop/Laravel-projects/restaurant-billing-pos/vendor/laravel/framework/src/Illuminate/Cookie/Middleware/EncryptCookies.php(74): Illuminate\\Pipeline\\Pipeline->{closure:{closure:Illuminate\\Pipeline\\Pipeline::carry():194}:195}(Object(Illuminate\\Http\\Request))
#32 /home/noshad/Desktop/Laravel-projects/restaurant-billing-pos/vendor/laravel/framework/src/Illuminate/Pipeline/Pipeline.php(219): Illuminate\\Cookie\\Middleware\\EncryptCookies->handle(Object(Illuminate\\Http\\Request), Object(Closure))
#33 /home/noshad/Desktop/Laravel-projects/restaurant-billing-pos/vendor/laravel/framework/src/Illuminate/Pipeline/Pipeline.php(137): Illuminate\\Pipeline\\Pipeline->{closure:{closure:Illuminate\\Pipeline\\Pipeline::carry():194}:195}(Object(Illuminate\\Http\\Request))
#34 /home/noshad/Desktop/Laravel-projects/restaurant-billing-pos/vendor/laravel/framework/src/Illuminate/Routing/Router.php(821): Illuminate\\Pipeline\\Pipeline->then(Object(Closure))
#35 /home/noshad/Desktop/Laravel-projects/restaurant-billing-pos/vendor/laravel/framework/src/Illuminate/Routing/Router.php(800): Illuminate\\Routing\\Router->runRouteWithinStack(Object(Illuminate\\Routing\\Route), Object(Illuminate\\Http\\Request))
#36 /home/noshad/Desktop/Laravel-projects/restaurant-billing-pos/vendor/laravel/framework/src/Illuminate/Routing/Router.php(764): Illuminate\\Routing\\Router->runRoute(Object(Illuminate\\Http\\Request), Object(Illuminate\\Routing\\Route))
#37 /home/noshad/Desktop/Laravel-projects/restaurant-billing-pos/vendor/laravel/framework/src/Illuminate/Routing/Router.php(753): Illuminate\\Routing\\Router->dispatchToRoute(Object(Illuminate\\Http\\Request))
#38 /home/noshad/Desktop/Laravel-projects/restaurant-billing-pos/vendor/laravel/framework/src/Illuminate/Foundation/Http/Kernel.php(200): Illuminate\\Routing\\Router->dispatch(Object(Illuminate\\Http\\Request))
#39 /home/noshad/Desktop/Laravel-projects/restaurant-billing-pos/vendor/laravel/framework/src/Illuminate/Pipeline/Pipeline.php(180): Illuminate\\Foundation\\Http\\Kernel->{closure:Illuminate\\Foundation\\Http\\Kernel::dispatchToRouter():197}(Object(Illuminate\\Http\\Request))
#40 /home/noshad/Desktop/Laravel-projects/restaurant-billing-pos/vendor/laravel/framework/src/Illuminate/Foundation/Http/Middleware/TransformsRequest.php(21): Illuminate\\Pipeline\\Pipeline->{closure:Illuminate\\Pipeline\\Pipeline::prepareDestination():178}(Object(Illuminate\\Http\\Request))
#41 /home/noshad/Desktop/Laravel-projects/restaurant-billing-pos/vendor/laravel/framework/src/Illuminate/Foundation/Http/Middleware/ConvertEmptyStringsToNull.php(31): Illuminate\\Foundation\\Http\\Middleware\\TransformsRequest->handle(Object(Illuminate\\Http\\Request), Object(Closure))
#42 /home/noshad/Desktop/Laravel-projects/restaurant-billing-pos/vendor/laravel/framework/src/Illuminate/Pipeline/Pipeline.php(219): Illuminate\\Foundation\\Http\\Middleware\\ConvertEmptyStringsToNull->handle(Object(Illuminate\\Http\\Request), Object(Closure))
#43 /home/noshad/Desktop/Laravel-projects/restaurant-billing-pos/vendor/laravel/framework/src/Illuminate/Foundation/Http/Middleware/TransformsRequest.php(21): Illuminate\\Pipeline\\Pipeline->{closure:{closure:Illuminate\\Pipeline\\Pipeline::carry():194}:195}(Object(Illuminate\\Http\\Request))
#44 /home/noshad/Desktop/Laravel-projects/restaurant-billing-pos/vendor/laravel/framework/src/Illuminate/Foundation/Http/Middleware/TrimStrings.php(51): Illuminate\\Foundation\\Http\\Middleware\\TransformsRequest->handle(Object(Illuminate\\Http\\Request), Object(Closure))
#45 /home/noshad/Desktop/Laravel-projects/restaurant-billing-pos/vendor/laravel/framework/src/Illuminate/Pipeline/Pipeline.php(219): Illuminate\\Foundation\\Http\\Middleware\\TrimStrings->handle(Object(Illuminate\\Http\\Request), Object(Closure))
#46 /home/noshad/Desktop/Laravel-projects/restaurant-billing-pos/vendor/laravel/framework/src/Illuminate/Http/Middleware/ValidatePostSize.php(27): Illuminate\\Pipeline\\Pipeline->{closure:{closure:Illuminate\\Pipeline\\Pipeline::carry():194}:195}(Object(Illuminate\\Http\\Request))
#47 /home/noshad/Desktop/Laravel-projects/restaurant-billing-pos/vendor/laravel/framework/src/Illuminate/Pipeline/Pipeline.php(219): Illuminate\\Http\\Middleware\\ValidatePostSize->handle(Object(Illuminate\\Http\\Request), Object(Closure))
#48 /home/noshad/Desktop/Laravel-projects/restaurant-billing-pos/vendor/laravel/framework/src/Illuminate/Foundation/Http/Middleware/PreventRequestsDuringMaintenance.php(110): Illuminate\\Pipeline\\Pipeline->{closure:{closure:Illuminate\\Pipeline\\Pipeline::carry():194}:195}(Object(Illuminate\\Http\\Request))
#49 /home/noshad/Desktop/Laravel-projects/restaurant-billing-pos/vendor/laravel/framework/src/Illuminate/Pipeline/Pipeline.php(219): Illuminate\\Foundation\\Http\\Middleware\\PreventRequestsDuringMaintenance->handle(Object(Illuminate\\Http\\Request), Object(Closure))
#50 /home/noshad/Desktop/Laravel-projects/restaurant-billing-pos/vendor/laravel/framework/src/Illuminate/Http/Middleware/HandleCors.php(61): Illuminate\\Pipeline\\Pipeline->{closure:{closure:Illuminate\\Pipeline\\Pipeline::carry():194}:195}(Object(Illuminate\\Http\\Request))
#51 /home/noshad/Desktop/Laravel-projects/restaurant-billing-pos/vendor/laravel/framework/src/Illuminate/Pipeline/Pipeline.php(219): Illuminate\\Http\\Middleware\\HandleCors->handle(Object(Illuminate\\Http\\Request), Object(Closure))
#52 /home/noshad/Desktop/Laravel-projects/restaurant-billing-pos/vendor/laravel/framework/src/Illuminate/Http/Middleware/TrustProxies.php(58): Illuminate\\Pipeline\\Pipeline->{closure:{closure:Illuminate\\Pipeline\\Pipeline::carry():194}:195}(Object(Illuminate\\Http\\Request))
#53 /home/noshad/Desktop/Laravel-projects/restaurant-billing-pos/vendor/laravel/framework/src/Illuminate/Pipeline/Pipeline.php(219): Illuminate\\Http\\Middleware\\TrustProxies->handle(Object(Illuminate\\Http\\Request), Object(Closure))
#54 /home/noshad/Desktop/Laravel-projects/restaurant-billing-pos/vendor/laravel/framework/src/Illuminate/Pipeline/Pipeline.php(137): Illuminate\\Pipeline\\Pipeline->{closure:{closure:Illuminate\\Pipeline\\Pipeline::carry():194}:195}(Object(Illuminate\\Http\\Request))
#55 /home/noshad/Desktop/Laravel-projects/restaurant-billing-pos/vendor/laravel/framework/src/Illuminate/Foundation/Http/Kernel.php(175): Illuminate\\Pipeline\\Pipeline->then(Object(Closure))
#56 /home/noshad/Desktop/Laravel-projects/restaurant-billing-pos/vendor/laravel/framework/src/Illuminate/Foundation/Http/Kernel.php(144): Illuminate\\Foundation\\Http\\Kernel->sendRequestThroughRouter(Object(Illuminate\\Http\\Request))
#57 /home/noshad/Desktop/Laravel-projects/restaurant-billing-pos/public/index.php(18): Illuminate\\Foundation\\Http\\Kernel->handle(Object(Illuminate\\Http\\Request))
#58 {main}

[previous exception] [object] (PDOException(code: 42S22): SQLSTATE[42S22]: Column not found: 1054 Unknown column 'discount_percent' in 'field list' at /home/noshad/Desktop/Laravel-projects/restaurant-billing-pos/vendor/laravel/framework/src/Illuminate/Database/Connection.php:622)
[stacktrace]
#0 /home/noshad/Desktop/Laravel-projects/restaurant-billing-pos/vendor/laravel/framework/src/Illuminate/Database/Connection.php(622): PDO->prepare('update `orders`...')
#1 /home/noshad/Desktop/Laravel-projects/restaurant-billing-pos/vendor/laravel/framework/src/Illuminate/Database/Connection.php(846): Illuminate\\Database\\Connection->{closure:Illuminate\\Database\\Connection::affectingStatement():614}('update `orders`...', Array)
#2 /home/noshad/Desktop/Laravel-projects/restaurant-billing-pos/vendor/laravel/framework/src/Illuminate/Database/Connection.php(813): Illuminate\\Database\\Connection->runQueryCallback('update `orders`...', Array, Object(Closure))
#3 /home/noshad/Desktop/Laravel-projects/restaurant-billing-pos/vendor/laravel/framework/src/Illuminate/Database/Connection.php(614): Illuminate\\Database\\Connection->run('update `orders`...', Array, Object(Closure))
#4 /home/noshad/Desktop/Laravel-projects/restaurant-billing-pos/vendor/laravel/framework/src/Illuminate/Database/Connection.php(566): Illuminate\\Database\\Connection->affectingStatement('update `orders`...', Array)
#5 /home/noshad/Desktop/Laravel-projects/restaurant-billing-pos/vendor/laravel/framework/src/Illuminate/Database/Query/Builder.php(4379): Illuminate\\Database\\Connection->update('update `orders`...', Array)
#6 /home/noshad/Desktop/Laravel-projects/restaurant-billing-pos/vendor/laravel/framework/src/Illuminate/Database/Eloquent/Builder.php(1305): Illuminate\\Database\\Query\\Builder->update(Object(Illuminate\\Support\\Collection))
#7 /home/noshad/Desktop/Laravel-projects/restaurant-billing-pos/vendor/laravel/framework/src/Illuminate/Database/Eloquent/Model.php(1538): Illuminate\\Database\\Eloquent\\Builder->update(Array)
#8 /home/noshad/Desktop/Laravel-projects/restaurant-billing-pos/vendor/laravel/framework/src/Illuminate/Database/Eloquent/Model.php(1420): Illuminate\\Database\\Eloquent\\Model->performUpdate(Object(Illuminate\\Database\\Eloquent\\Builder))
#9 /home/noshad/Desktop/Laravel-projects/restaurant-billing-pos/app/Services/OrderService.php(69): Illuminate\\Database\\Eloquent\\Model->save()
#10 /home/noshad/Desktop/Laravel-projects/restaurant-billing-pos/vendor/laravel/framework/src/Illuminate/Database/Concerns/ManagesTransactions.php(35): App\\Services\\OrderService->{closure:App\\Services\\OrderService::saveOrder():19}(Object(Illuminate\\Database\\MySqlConnection))
#11 /home/noshad/Desktop/Laravel-projects/restaurant-billing-pos/vendor/laravel/framework/src/Illuminate/Database/DatabaseManager.php(502): Illuminate\\Database\\Connection->transaction(Object(Closure))
#12 /home/noshad/Desktop/Laravel-projects/restaurant-billing-pos/vendor/laravel/framework/src/Illuminate/Support/Facades/Facade.php(364): Illuminate\\Database\\DatabaseManager->__call('transaction', Array)
#13 /home/noshad/Desktop/Laravel-projects/restaurant-billing-pos/app/Services/OrderService.php(19): Illuminate\\Support\\Facades\\Facade::__callStatic('transaction', Array)
#14 /home/noshad/Desktop/Laravel-projects/restaurant-billing-pos/app/Http/Controllers/OrderController.php(69): App\\Services\\OrderService->saveOrder(Array, NULL)
#15 /home/noshad/Desktop/Laravel-projects/restaurant-billing-pos/vendor/laravel/framework/src/Illuminate/Routing/ControllerDispatcher.php(46): App\\Http\\Controllers\\OrderController->save(Object(App\\Http\\Requests\\StoreOrderRequest))
#16 /home/noshad/Desktop/Laravel-projects/restaurant-billing-pos/vendor/laravel/framework/src/Illuminate/Routing/Route.php(276): Illuminate\\Routing\\ControllerDispatcher->dispatch(Object(Illuminate\\Routing\\Route), Object(App\\Http\\Controllers\\OrderController), 'save')
#17 /home/noshad/Desktop/Laravel-projects/restaurant-billing-pos/vendor/laravel/framework/src/Illuminate/Routing/Route.php(216): Illuminate\\Routing\\Route->runController()
#18 /home/noshad/Desktop/Laravel-projects/restaurant-billing-pos/vendor/laravel/framework/src/Illuminate/Routing/Router.php(822): Illuminate\\Routing\\Route->run()
#19 /home/noshad/Desktop/Laravel-projects/restaurant-billing-pos/vendor/laravel/framework/src/Illuminate/Pipeline/Pipeline.php(180): Illuminate\\Routing\\Router->{closure:Illuminate\\Routing\\Router::runRouteWithinStack():821}(Object(Illuminate\\Http\\Request))
#20 /home/noshad/Desktop/Laravel-projects/restaurant-billing-pos/vendor/laravel/framework/src/Illuminate/Routing/Middleware/SubstituteBindings.php(52): Illuminate\\Pipeline\\Pipeline->{closure:Illuminate\\Pipeline\\Pipeline::prepareDestination():178}(Object(Illuminate\\Http\\Request))
#21 /home/noshad/Desktop/Laravel-projects/restaurant-billing-pos/vendor/laravel/framework/src/Illuminate/Pipeline/Pipeline.php(219): Illuminate\\Routing\\Middleware\\SubstituteBindings->handle(Object(Illuminate\\Http\\Request), Object(Closure))
#22 /home/noshad/Desktop/Laravel-projects/restaurant-billing-pos/vendor/laravel/framework/src/Illuminate/Auth/Middleware/Authenticate.php(63): Illuminate\\Pipeline\\Pipeline->{closure:{closure:Illuminate\\Pipeline\\Pipeline::carry():194}:195}(Object(Illuminate\\Http\\Request))
#23 /home/noshad/Desktop/Laravel-projects/restaurant-billing-pos/vendor/laravel/framework/src/Illuminate/Pipeline/Pipeline.php(219): Illuminate\\Auth\\Middleware\\Authenticate->handle(Object(Illuminate\\Http\\Request), Object(Closure))
#24 /home/noshad/Desktop/Laravel-projects/restaurant-billing-pos/vendor/laravel/framework/src/Illuminate/Foundation/Http/Middleware/PreventRequestForgery.php(104): Illuminate\\Pipeline\\Pipeline->{closure:{closure:Illuminate\\Pipeline\\Pipeline::carry():194}:195}(Object(Illuminate\\Http\\Request))
#25 /home/noshad/Desktop/Laravel-projects/restaurant-billing-pos/vendor/laravel/framework/src/Illuminate/Pipeline/Pipeline.php(219): Illuminate\\Foundation\\Http\\Middleware\\PreventRequestForgery->handle(Object(Illuminate\\Http\\Request), Object(Closure))
#26 /home/noshad/Desktop/Laravel-projects/restaurant-billing-pos/vendor/laravel/framework/src/Illuminate/View/Middleware/ShareErrorsFromSession.php(48): Illuminate\\Pipeline\\Pipeline->{closure:{closure:Illuminate\\Pipeline\\Pipeline::carry():194}:195}(Object(Illuminate\\Http\\Request))
#27 /home/noshad/Desktop/Laravel-projects/restaurant-billing-pos/vendor/laravel/framework/src/Illuminate/Pipeline/Pipeline.php(219): Illuminate\\View\\Middleware\\ShareErrorsFromSession->handle(Object(Illuminate\\Http\\Request), Object(Closure))
#28 /home/noshad/Desktop/Laravel-projects/restaurant-billing-pos/vendor/laravel/framework/src/Illuminate/Session/Middleware/StartSession.php(120): Illuminate\\Pipeline\\Pipeline->{closure:{closure:Illuminate\\Pipeline\\Pipeline::carry():194}:195}(Object(Illuminate\\Http\\Request))
#29 /home/noshad/Desktop/Laravel-projects/restaurant-billing-pos/vendor/laravel/framework/src/Illuminate/Session/Middleware/StartSession.php(63): Illuminate\\Session\\Middleware\\StartSession->handleStatefulRequest(Object(Illuminate\\Http\\Request), Object(Illuminate\\Session\\Store), Object(Closure))
#30 /home/noshad/Desktop/Laravel-projects/restaurant-billing-pos/vendor/laravel/framework/src/Illuminate/Pipeline/Pipeline.php(219): Illuminate\\Session\\Middleware\\StartSession->handle(Object(Illuminate\\Http\\Request), Object(Closure))
#31 /home/noshad/Desktop/Laravel-projects/restaurant-billing-pos/vendor/laravel/framework/src/Illuminate/Cookie/Middleware/AddQueuedCookiesToResponse.php(36): Illuminate\\Pipeline\\Pipeline->{closure:{closure:Illuminate\\Pipeline\\Pipeline::carry():194}:195}(Object(Illuminate\\Http\\Request))
#32 /home/noshad/Desktop/Laravel-projects/restaurant-billing-pos/vendor/laravel/framework/src/Illuminate/Pipeline/Pipeline.php(219): Illuminate\\Cookie\\Middleware\\AddQueuedCookiesToResponse->handle(Object(Illuminate\\Http\\Request), Object(Closure))
#33 /home/noshad/Desktop/Laravel-projects/restaurant-billing-pos/vendor/laravel/framework/src/Illuminate/Cookie/Middleware/EncryptCookies.php(74): Illuminate\\Pipeline\\Pipeline->{closure:{closure:Illuminate\\Pipeline\\Pipeline::carry():194}:195}(Object(Illuminate\\Http\\Request))
#34 /home/noshad/Desktop/Laravel-projects/restaurant-billing-pos/vendor/laravel/framework/src/Illuminate/Pipeline/Pipeline.php(219): Illuminate\\Cookie\\Middleware\\EncryptCookies->handle(Object(Illuminate\\Http\\Request), Object(Closure))
#35 /home/noshad/Desktop/Laravel-projects/restaurant-billing-pos/vendor/laravel/framework/src/Illuminate/Pipeline/Pipeline.php(137): Illuminate\\Pipeline\\Pipeline->{closure:{closure:Illuminate\\Pipeline\\Pipeline::carry():194}:195}(Object(Illuminate\\Http\\Request))
#36 /home/noshad/Desktop/Laravel-projects/restaurant-billing-pos/vendor/laravel/framework/src/Illuminate/Routing/Router.php(821): Illuminate\\Pipeline\\Pipeline->then(Object(Closure))
#37 /home/noshad/Desktop/Laravel-projects/restaurant-billing-pos/vendor/laravel/framework/src/Illuminate/Routing/Router.php(800): Illuminate\\Routing\\Router->runRouteWithinStack(Object(Illuminate\\Routing\\Route), Object(Illuminate\\Http\\Request))
#38 /home/noshad/Desktop/Laravel-projects/restaurant-billing-pos/vendor/laravel/framework/src/Illuminate/Routing/Router.php(764): Illuminate\\Routing\\Router->runRoute(Object(Illuminate\\Http\\Request), Object(Illuminate\\Routing\\Route))
#39 /home/noshad/Desktop/Laravel-projects/restaurant-billing-pos/vendor/laravel/framework/src/Illuminate/Routing/Router.php(753): Illuminate\\Routing\\Router->dispatchToRoute(Object(Illuminate\\Http\\Request))
#40 /home/noshad/Desktop/Laravel-projects/restaurant-billing-pos/vendor/laravel/framework/src/Illuminate/Foundation/Http/Kernel.php(200): Illuminate\\Routing\\Router->dispatch(Object(Illuminate\\Http\\Request))
#41 /home/noshad/Desktop/Laravel-projects/restaurant-billing-pos/vendor/laravel/framework/src/Illuminate/Pipeline/Pipeline.php(180): Illuminate\\Foundation\\Http\\Kernel->{closure:Illuminate\\Foundation\\Http\\Kernel::dispatchToRouter():197}(Object(Illuminate\\Http\\Request))
#42 /home/noshad/Desktop/Laravel-projects/restaurant-billing-pos/vendor/laravel/framework/src/Illuminate/Foundation/Http/Middleware/TransformsRequest.php(21): Illuminate\\Pipeline\\Pipeline->{closure:Illuminate\\Pipeline\\Pipeline::prepareDestination():178}(Object(Illuminate\\Http\\Request))
#43 /home/noshad/Desktop/Laravel-projects/restaurant-billing-pos/vendor/laravel/framework/src/Illuminate/Foundation/Http/Middleware/ConvertEmptyStringsToNull.php(31): Illuminate\\Foundation\\Http\\Middleware\\TransformsRequest->handle(Object(Illuminate\\Http\\Request), Object(Closure))
#44 /home/noshad/Desktop/Laravel-projects/restaurant-billing-pos/vendor/laravel/framework/src/Illuminate/Pipeline/Pipeline.php(219): Illuminate\\Foundation\\Http\\Middleware\\ConvertEmptyStringsToNull->handle(Object(Illuminate\\Http\\Request), Object(Closure))
#45 /home/noshad/Desktop/Laravel-projects/restaurant-billing-pos/vendor/laravel/framework/src/Illuminate/Foundation/Http/Middleware/TransformsRequest.php(21): Illuminate\\Pipeline\\Pipeline->{closure:{closure:Illuminate\\Pipeline\\Pipeline::carry():194}:195}(Object(Illuminate\\Http\\Request))
#46 /home/noshad/Desktop/Laravel-projects/restaurant-billing-pos/vendor/laravel/framework/src/Illuminate/Foundation/Http/Middleware/TrimStrings.php(51): Illuminate\\Foundation\\Http\\Middleware\\TransformsRequest->handle(Object(Illuminate\\Http\\Request), Object(Closure))
#47 /home/noshad/Desktop/Laravel-projects/restaurant-billing-pos/vendor/laravel/framework/src/Illuminate/Pipeline/Pipeline.php(219): Illuminate\\Foundation\\Http\\Middleware\\TrimStrings->handle(Object(Illuminate\\Http\\Request), Object(Closure))
#48 /home/noshad/Desktop/Laravel-projects/restaurant-billing-pos/vendor/laravel/framework/src/Illuminate/Http/Middleware/ValidatePostSize.php(27): Illuminate\\Pipeline\\Pipeline->{closure:{closure:Illuminate\\Pipeline\\Pipeline::carry():194}:195}(Object(Illuminate\\Http\\Request))
#49 /home/noshad/Desktop/Laravel-projects/restaurant-billing-pos/vendor/laravel/framework/src/Illuminate/Pipeline/Pipeline.php(219): Illuminate\\Http\\Middleware\\ValidatePostSize->handle(Object(Illuminate\\Http\\Request), Object(Closure))
#50 /home/noshad/Desktop/Laravel-projects/restaurant-billing-pos/vendor/laravel/framework/src/Illuminate/Foundation/Http/Middleware/PreventRequestsDuringMaintenance.php(110): Illuminate\\Pipeline\\Pipeline->{closure:{closure:Illuminate\\Pipeline\\Pipeline::carry():194}:195}(Object(Illuminate\\Http\\Request))
#51 /home/noshad/Desktop/Laravel-projects/restaurant-billing-pos/vendor/laravel/framework/src/Illuminate/Pipeline/Pipeline.php(219): Illuminate\\Foundation\\Http\\Middleware\\PreventRequestsDuringMaintenance->handle(Object(Illuminate\\Http\\Request), Object(Closure))
#52 /home/noshad/Desktop/Laravel-projects/restaurant-billing-pos/vendor/laravel/framework/src/Illuminate/Http/Middleware/HandleCors.php(61): Illuminate\\Pipeline\\Pipeline->{closure:{closure:Illuminate\\Pipeline\\Pipeline::carry():194}:195}(Object(Illuminate\\Http\\Request))
#53 /home/noshad/Desktop/Laravel-projects/restaurant-billing-pos/vendor/laravel/framework/src/Illuminate/Pipeline/Pipeline.php(219): Illuminate\\Http\\Middleware\\HandleCors->handle(Object(Illuminate\\Http\\Request), Object(Closure))
#54 /home/noshad/Desktop/Laravel-projects/restaurant-billing-pos/vendor/laravel/framework/src/Illuminate/Http/Middleware/TrustProxies.php(58): Illuminate\\Pipeline\\Pipeline->{closure:{closure:Illuminate\\Pipeline\\Pipeline::carry():194}:195}(Object(Illuminate\\Http\\Request))
#55 /home/noshad/Desktop/Laravel-projects/restaurant-billing-pos/vendor/laravel/framework/src/Illuminate/Pipeline/Pipeline.php(219): Illuminate\\Http\\Middleware\\TrustProxies->handle(Object(Illuminate\\Http\\Request), Object(Closure))
#56 /home/noshad/Desktop/Laravel-projects/restaurant-billing-pos/vendor/laravel/framework/src/Illuminate/Pipeline/Pipeline.php(137): Illuminate\\Pipeline\\Pipeline->{closure:{closure:Illuminate\\Pipeline\\Pipeline::carry():194}:195}(Object(Illuminate\\Http\\Request))
#57 /home/noshad/Desktop/Laravel-projects/restaurant-billing-pos/vendor/laravel/framework/src/Illuminate/Foundation/Http/Kernel.php(175): Illuminate\\Pipeline\\Pipeline->then(Object(Closure))
#58 /home/noshad/Desktop/Laravel-projects/restaurant-billing-pos/vendor/laravel/framework/src/Illuminate/Foundation/Http/Kernel.php(144): Illuminate\\Foundation\\Http\\Kernel->sendRequestThroughRouter(Object(Illuminate\\Http\\Request))
#59 /home/noshad/Desktop/Laravel-projects/restaurant-billing-pos/public/index.php(18): Illuminate\\Foundation\\Http\\Kernel->handle(Object(Illuminate\\Http\\Request))
#60 {main}
"} 
[2026-09-28 22:28:54] local.ERROR: SQLSTATE[42S22]: Column not found: 1054 Unknown column 'discount_percent' in 'field list' (Connection: mysql, Host: lerd-mysql, Port: 3306, Database: restaurant_billing_pos, SQL: update `orders` set `subtotal` = 24, `discount_percent` = 10, `discount` = 2.4, `tax_percent` = 0, `tax_amount` = 0, `total` = 21.6, `orders`.`updated_at` = 2026-09-28 22:28:54 where `id` = 19) {"userId":1,"exception":"[object] (Illuminate\\Database\\QueryException(code: 42S22): SQLSTATE[42S22]: Column not found: 1054 Unknown column 'discount_percent' in 'field list' (Connection: mysql, Host: lerd-mysql, Port: 3306, Database: restaurant_billing_pos, SQL: update `orders` set `subtotal` = 24, `discount_percent` = 10, `discount` = 2.4, `tax_percent` = 0, `tax_amount` = 0, `total` = 21.6, `orders`.`updated_at` = 2026-09-28 22:28:54 where `id` = 19) at /home/noshad/Desktop/Laravel-projects/restaurant-billing-pos/vendor/laravel/framework/src/Illuminate/Database/Connection.php:857)
[stacktrace]
#0 /home/noshad/Desktop/Laravel-projects/restaurant-billing-pos/vendor/laravel/framework/src/Illuminate/Database/Connection.php(813): Illuminate\\Database\\Connection->runQueryCallback('update `orders`...', Array, Object(Closure))
#1 /home/noshad/Desktop/Laravel-projects/restaurant-billing-pos/vendor/laravel/framework/src/Illuminate/Database/Connection.php(614): Illuminate\\Database\\Connection->run('update `orders`...', Array, Object(Closure))
#2 /home/noshad/Desktop/Laravel-projects/restaurant-billing-pos/vendor/laravel/framework/src/Illuminate/Database/Connection.php(566): Illuminate\\Database\\Connection->affectingStatement('update `orders`...', Array)
#3 /home/noshad/Desktop/Laravel-projects/restaurant-billing-pos/vendor/laravel/framework/src/Illuminate/Database/Query/Builder.php(4379): Illuminate\\Database\\Connection->update('update `orders`...', Array)
#4 /home/noshad/Desktop/Laravel-projects/restaurant-billing-pos/vendor/laravel/framework/src/Illuminate/Database/Eloquent/Builder.php(1305): Illuminate\\Database\\Query\\Builder->update(Object(Illuminate\\Support\\Collection))
#5 /home/noshad/Desktop/Laravel-projects/restaurant-billing-pos/vendor/laravel/framework/src/Illuminate/Database/Eloquent/Model.php(1538): Illuminate\\Database\\Eloquent\\Builder->update(Array)
#6 /home/noshad/Desktop/Laravel-projects/restaurant-billing-pos/vendor/laravel/framework/src/Illuminate/Database/Eloquent/Model.php(1420): Illuminate\\Database\\Eloquent\\Model->performUpdate(Object(Illuminate\\Database\\Eloquent\\Builder))
#7 /home/noshad/Desktop/Laravel-projects/restaurant-billing-pos/app/Services/OrderService.php(69): Illuminate\\Database\\Eloquent\\Model->save()
#8 /home/noshad/Desktop/Laravel-projects/restaurant-billing-pos/vendor/laravel/framework/src/Illuminate/Database/Concerns/ManagesTransactions.php(35): App\\Services\\OrderService->{closure:App\\Services\\OrderService::saveOrder():19}(Object(Illuminate\\Database\\MySqlConnection))
#9 /home/noshad/Desktop/Laravel-projects/restaurant-billing-pos/vendor/laravel/framework/src/Illuminate/Database/DatabaseManager.php(502): Illuminate\\Database\\Connection->transaction(Object(Closure))
#10 /home/noshad/Desktop/Laravel-projects/restaurant-billing-pos/vendor/laravel/framework/src/Illuminate/Support/Facades/Facade.php(364): Illuminate\\Database\\DatabaseManager->__call('transaction', Array)
#11 /home/noshad/Desktop/Laravel-projects/restaurant-billing-pos/app/Services/OrderService.php(19): Illuminate\\Support\\Facades\\Facade::__callStatic('transaction', Array)
#12 /home/noshad/Desktop/Laravel-projects/restaurant-billing-pos/app/Http/Controllers/OrderController.php(69): App\\Services\\OrderService->saveOrder(Array, NULL)
#13 /home/noshad/Desktop/Laravel-projects/restaurant-billing-pos/vendor/laravel/framework/src/Illuminate/Routing/ControllerDispatcher.php(46): App\\Http\\Controllers\\OrderController->save(Object(App\\Http\\Requests\\StoreOrderRequest))
#14 /home/noshad/Desktop/Laravel-projects/restaurant-billing-pos/vendor/laravel/framework/src/Illuminate/Routing/Route.php(276): Illuminate\\Routing\\ControllerDispatcher->dispatch(Object(Illuminate\\Routing\\Route), Object(App\\Http\\Controllers\\OrderController), 'save')
#15 /home/noshad/Desktop/Laravel-projects/restaurant-billing-pos/vendor/laravel/framework/src/Illuminate/Routing/Route.php(216): Illuminate\\Routing\\Route->runController()
#16 /home/noshad/Desktop/Laravel-projects/restaurant-billing-pos/vendor/laravel/framework/src/Illuminate/Routing/Router.php(822): Illuminate\\Routing\\Route->run()
#17 /home/noshad/Desktop/Laravel-projects/restaurant-billing-pos/vendor/laravel/framework/src/Illuminate/Pipeline/Pipeline.php(180): Illuminate\\Routing\\Router->{closure:Illuminate\\Routing\\Router::runRouteWithinStack():821}(Object(Illuminate\\Http\\Request))
#18 /home/noshad/Desktop/Laravel-projects/restaurant-billing-pos/vendor/laravel/framework/src/Illuminate/Routing/Middleware/SubstituteBindings.php(52): Illuminate\\Pipeline\\Pipeline->{closure:Illuminate\\Pipeline\\Pipeline::prepareDestination():178}(Object(Illuminate\\Http\\Request))
#19 /home/noshad/Desktop/Laravel-projects/restaurant-billing-pos/vendor/laravel/framework/src/Illuminate/Pipeline/Pipeline.php(219): Illuminate\\Routing\\Middleware\\SubstituteBindings->handle(Object(Illuminate\\Http\\Request), Object(Closure))
#20 /home/noshad/Desktop/Laravel-projects/restaurant-billing-pos/vendor/laravel/framework/src/Illuminate/Auth/Middleware/Authenticate.php(63): Illuminate\\Pipeline\\Pipeline->{closure:{closure:Illuminate\\Pipeline\\Pipeline::carry():194}:195}(Object(Illuminate\\Http\\Request))
#21 /home/noshad/Desktop/Laravel-projects/restaurant-billing-pos/vendor/laravel/framework/src/Illuminate/Pipeline/Pipeline.php(219): Illuminate\\Auth\\Middleware\\Authenticate->handle(Object(Illuminate\\Http\\Request), Object(Closure))
#22 /home/noshad/Desktop/Laravel-projects/restaurant-billing-pos/vendor/laravel/framework/src/Illuminate/Foundation/Http/Middleware/PreventRequestForgery.php(104): Illuminate\\Pipeline\\Pipeline->{closure:{closure:Illuminate\\Pipeline\\Pipeline::carry():194}:195}(Object(Illuminate\\Http\\Request))
#23 /home/noshad/Desktop/Laravel-projects/restaurant-billing-pos/vendor/laravel/framework/src/Illuminate/Pipeline/Pipeline.php(219): Illuminate\\Foundation\\Http\\Middleware\\PreventRequestForgery->handle(Object(Illuminate\\Http\\Request), Object(Closure))
#24 /home/noshad/Desktop/Laravel-projects/restaurant-billing-pos/vendor/laravel/framework/src/Illuminate/View/Middleware/ShareErrorsFromSession.php(48): Illuminate\\Pipeline\\Pipeline->{closure:{closure:Illuminate\\Pipeline\\Pipeline::carry():194}:195}(Object(Illuminate\\Http\\Request))
#25 /home/noshad/Desktop/Laravel-projects/restaurant-billing-pos/vendor/laravel/framework/src/Illuminate/Pipeline/Pipeline.php(219): Illuminate\\View\\Middleware\\ShareErrorsFromSession->handle(Object(Illuminate\\Http\\Request), Object(Closure))
#26 /home/noshad/Desktop/Laravel-projects/restaurant-billing-pos/vendor/laravel/framework/src/Illuminate/Session/Middleware/StartSession.php(120): Illuminate\\Pipeline\\Pipeline->{closure:{closure:Illuminate\\Pipeline\\Pipeline::carry():194}:195}(Object(Illuminate\\Http\\Request))
#27 /home/noshad/Desktop/Laravel-projects/restaurant-billing-pos/vendor/laravel/framework/src/Illuminate/Session/Middleware/StartSession.php(63): Illuminate\\Session\\Middleware\\StartSession->handleStatefulRequest(Object(Illuminate\\Http\\Request), Object(Illuminate\\Session\\Store), Object(Closure))
#28 /home/noshad/Desktop/Laravel-projects/restaurant-billing-pos/vendor/laravel/framework/src/Illuminate/Pipeline/Pipeline.php(219): Illuminate\\Session\\Middleware\\StartSession->handle(Object(Illuminate\\Http\\Request), Object(Closure))
#29 /home/noshad/Desktop/Laravel-projects/restaurant-billing-pos/vendor/laravel/framework/src/Illuminate/Cookie/Middleware/AddQueuedCookiesToResponse.php(36): Illuminate\\Pipeline\\Pipeline->{closure:{closure:Illuminate\\Pipeline\\Pipeline::carry():194}:195}(Object(Illuminate\\Http\\Request))
#30 /home/noshad/Desktop/Laravel-projects/restaurant-billing-pos/vendor/laravel/framework/src/Illuminate/Pipeline/Pipeline.php(219): Illuminate\\Cookie\\Middleware\\AddQueuedCookiesToResponse->handle(Object(Illuminate\\Http\\Request), Object(Closure))
#31 /home/noshad/Desktop/Laravel-projects/restaurant-billing-pos/vendor/laravel/framework/src/Illuminate/Cookie/Middleware/EncryptCookies.php(74): Illuminate\\Pipeline\\Pipeline->{closure:{closure:Illuminate\\Pipeline\\Pipeline::carry():194}:195}(Object(Illuminate\\Http\\Request))
#32 /home/noshad/Desktop/Laravel-projects/restaurant-billing-pos/vendor/laravel/framework/src/Illuminate/Pipeline/Pipeline.php(219): Illuminate\\Cookie\\Middleware\\EncryptCookies->handle(Object(Illuminate\\Http\\Request), Object(Closure))
#33 /home/noshad/Desktop/Laravel-projects/restaurant-billing-pos/vendor/laravel/framework/src/Illuminate/Pipeline/Pipeline.php(137): Illuminate\\Pipeline\\Pipeline->{closure:{closure:Illuminate\\Pipeline\\Pipeline::carry():194}:195}(Object(Illuminate\\Http\\Request))
#34 /home/noshad/Desktop/Laravel-projects/restaurant-billing-pos/vendor/laravel/framework/src/Illuminate/Routing/Router.php(821): Illuminate\\Pipeline\\Pipeline->then(Object(Closure))
#35 /home/noshad/Desktop/Laravel-projects/restaurant-billing-pos/vendor/laravel/framework/src/Illuminate/Routing/Router.php(800): Illuminate\\Routing\\Router->runRouteWithinStack(Object(Illuminate\\Routing\\Route), Object(Illuminate\\Http\\Request))
#36 /home/noshad/Desktop/Laravel-projects/restaurant-billing-pos/vendor/laravel/framework/src/Illuminate/Routing/Router.php(764): Illuminate\\Routing\\Router->runRoute(Object(Illuminate\\Http\\Request), Object(Illuminate\\Routing\\Route))
#37 /home/noshad/Desktop/Laravel-projects/restaurant-billing-pos/vendor/laravel/framework/src/Illuminate/Routing/Router.php(753): Illuminate\\Routing\\Router->dispatchToRoute(Object(Illuminate\\Http\\Request))
#38 /home/noshad/Desktop/Laravel-projects/restaurant-billing-pos/vendor/laravel/framework/src/Illuminate/Foundation/Http/Kernel.php(200): Illuminate\\Routing\\Router->dispatch(Object(Illuminate\\Http\\Request))
#39 /home/noshad/Desktop/Laravel-projects/restaurant-billing-pos/vendor/laravel/framework/src/Illuminate/Pipeline/Pipeline.php(180): Illuminate\\Foundation\\Http\\Kernel->{closure:Illuminate\\Foundation\\Http\\Kernel::dispatchToRouter():197}(Object(Illuminate\\Http\\Request))
#40 /home/noshad/Desktop/Laravel-projects/restaurant-billing-pos/vendor/laravel/framework/src/Illuminate/Foundation/Http/Middleware/TransformsRequest.php(21): Illuminate\\Pipeline\\Pipeline->{closure:Illuminate\\Pipeline\\Pipeline::prepareDestination():178}(Object(Illuminate\\Http\\Request))
#41 /home/noshad/Desktop/Laravel-projects/restaurant-billing-pos/vendor/laravel/framework/src/Illuminate/Foundation/Http/Middleware/ConvertEmptyStringsToNull.php(31): Illuminate\\Foundation\\Http\\Middleware\\TransformsRequest->handle(Object(Illuminate\\Http\\Request), Object(Closure))
#42 /home/noshad/Desktop/Laravel-projects/restaurant-billing-pos/vendor/laravel/framework/src/Illuminate/Pipeline/Pipeline.php(219): Illuminate\\Foundation\\Http\\Middleware\\ConvertEmptyStringsToNull->handle(Object(Illuminate\\Http\\Request), Object(Closure))
#43 /home/noshad/Desktop/Laravel-projects/restaurant-billing-pos/vendor/laravel/framework/src/Illuminate/Foundation/Http/Middleware/TransformsRequest.php(21): Illuminate\\Pipeline\\Pipeline->{closure:{closure:Illuminate\\Pipeline\\Pipeline::carry():194}:195}(Object(Illuminate\\Http\\Request))
#44 /home/noshad/Desktop/Laravel-projects/restaurant-billing-pos/vendor/laravel/framework/src/Illuminate/Foundation/Http/Middleware/TrimStrings.php(51): Illuminate\\Foundation\\Http\\Middleware\\TransformsRequest->handle(Object(Illuminate\\Http\\Request), Object(Closure))
#45 /home/noshad/Desktop/Laravel-projects/restaurant-billing-pos/vendor/laravel/framework/src/Illuminate/Pipeline/Pipeline.php(219): Illuminate\\Foundation\\Http\\Middleware\\TrimStrings->handle(Object(Illuminate\\Http\\Request), Object(Closure))
#46 /home/noshad/Desktop/Laravel-projects/restaurant-billing-pos/vendor/laravel/framework/src/Illuminate/Http/Middleware/ValidatePostSize.php(27): Illuminate\\Pipeline\\Pipeline->{closure:{closure:Illuminate\\Pipeline\\Pipeline::carry():194}:195}(Object(Illuminate\\Http\\Request))
#47 /home/noshad/Desktop/Laravel-projects/restaurant-billing-pos/vendor/laravel/framework/src/Illuminate/Pipeline/Pipeline.php(219): Illuminate\\Http\\Middleware\\ValidatePostSize->handle(Object(Illuminate\\Http\\Request), Object(Closure))
#48 /home/noshad/Desktop/Laravel-projects/restaurant-billing-pos/vendor/laravel/framework/src/Illuminate/Foundation/Http/Middleware/PreventRequestsDuringMaintenance.php(110): Illuminate\\Pipeline\\Pipeline->{closure:{closure:Illuminate\\Pipeline\\Pipeline::carry():194}:195}(Object(Illuminate\\Http\\Request))
#49 /home/noshad/Desktop/Laravel-projects/restaurant-billing-pos/vendor/laravel/framework/src/Illuminate/Pipeline/Pipeline.php(219): Illuminate\\Foundation\\Http\\Middleware\\PreventRequestsDuringMaintenance->handle(Object(Illuminate\\Http\\Request), Object(Closure))
#50 /home/noshad/Desktop/Laravel-projects/restaurant-billing-pos/vendor/laravel/framework/src/Illuminate/Http/Middleware/HandleCors.php(61): Illuminate\\Pipeline\\Pipeline->{closure:{closure:Illuminate\\Pipeline\\Pipeline::carry():194}:195}(Object(Illuminate\\Http\\Request))
#51 /home/noshad/Desktop/Laravel-projects/restaurant-billing-pos/vendor/laravel/framework/src/Illuminate/Pipeline/Pipeline.php(219): Illuminate\\Http\\Middleware\\HandleCors->handle(Object(Illuminate\\Http\\Request), Object(Closure))
#52 /home/noshad/Desktop/Laravel-projects/restaurant-billing-pos/vendor/laravel/framework/src/Illuminate/Http/Middleware/TrustProxies.php(58): Illuminate\\Pipeline\\Pipeline->{closure:{closure:Illuminate\\Pipeline\\Pipeline::carry():194}:195}(Object(Illuminate\\Http\\Request))
#53 /home/noshad/Desktop/Laravel-projects/restaurant-billing-pos/vendor/laravel/framework/src/Illuminate/Pipeline/Pipeline.php(219): Illuminate\\Http\\Middleware\\TrustProxies->handle(Object(Illuminate\\Http\\Request), Object(Closure))
#54 /home/noshad/Desktop/Laravel-projects/restaurant-billing-pos/vendor/laravel/framework/src/Illuminate/Pipeline/Pipeline.php(137): Illuminate\\Pipeline\\Pipeline->{closure:{closure:Illuminate\\Pipeline\\Pipeline::carry():194}:195}(Object(Illuminate\\Http\\Request))
#55 /home/noshad/Desktop/Laravel-projects/restaurant-billing-pos/vendor/laravel/framework/src/Illuminate/Foundation/Http/Kernel.php(175): Illuminate\\Pipeline\\Pipeline->then(Object(Closure))
#56 /home/noshad/Desktop/Laravel-projects/restaurant-billing-pos/vendor/laravel/framework/src/Illuminate/Foundation/Http/Kernel.php(144): Illuminate\\Foundation\\Http\\Kernel->sendRequestThroughRouter(Object(Illuminate\\Http\\Request))
#57 /home/noshad/Desktop/Laravel-projects/restaurant-billing-pos/public/index.php(18): Illuminate\\Foundation\\Http\\Kernel->handle(Object(Illuminate\\Http\\Request))
#58 {main}

[previous exception] [object] (PDOException(code: 42S22): SQLSTATE[42S22]: Column not found: 1054 Unknown column 'discount_percent' in 'field list' at /home/noshad/Desktop/Laravel-projects/restaurant-billing-pos/vendor/laravel/framework/src/Illuminate/Database/Connection.php:622)
[stacktrace]
#0 /home/noshad/Desktop/Laravel-projects/restaurant-billing-pos/vendor/laravel/framework/src/Illuminate/Database/Connection.php(622): PDO->prepare('update `orders`...')
#1 /home/noshad/Desktop/Laravel-projects/restaurant-billing-pos/vendor/laravel/framework/src/Illuminate/Database/Connection.php(846): Illuminate\\Database\\Connection->{closure:Illuminate\\Database\\Connection::affectingStatement():614}('update `orders`...', Array)
#2 /home/noshad/Desktop/Laravel-projects/restaurant-billing-pos/vendor/laravel/framework/src/Illuminate/Database/Connection.php(813): Illuminate\\Database\\Connection->runQueryCallback('update `orders`...', Array, Object(Closure))
#3 /home/noshad/Desktop/Laravel-projects/restaurant-billing-pos/vendor/laravel/framework/src/Illuminate/Database/Connection.php(614): Illuminate\\Database\\Connection->run('update `orders`...', Array, Object(Closure))
#4 /home/noshad/Desktop/Laravel-projects/restaurant-billing-pos/vendor/laravel/framework/src/Illuminate/Database/Connection.php(566): Illuminate\\Database\\Connection->affectingStatement('update `orders`...', Array)
#5 /home/noshad/Desktop/Laravel-projects/restaurant-billing-pos/vendor/laravel/framework/src/Illuminate/Database/Query/Builder.php(4379): Illuminate\\Database\\Connection->update('update `orders`...', Array)
#6 /home/noshad/Desktop/Laravel-projects/restaurant-billing-pos/vendor/laravel/framework/src/Illuminate/Database/Eloquent/Builder.php(1305): Illuminate\\Database\\Query\\Builder->update(Object(Illuminate\\Support\\Collection))
#7 /home/noshad/Desktop/Laravel-projects/restaurant-billing-pos/vendor/laravel/framework/src/Illuminate/Database/Eloquent/Model.php(1538): Illuminate\\Database\\Eloquent\\Builder->update(Array)
#8 /home/noshad/Desktop/Laravel-projects/restaurant-billing-pos/vendor/laravel/framework/src/Illuminate/Database/Eloquent/Model.php(1420): Illuminate\\Database\\Eloquent\\Model->performUpdate(Object(Illuminate\\Database\\Eloquent\\Builder))
#9 /home/noshad/Desktop/Laravel-projects/restaurant-billing-pos/app/Services/OrderService.php(69): Illuminate\\Database\\Eloquent\\Model->save()
#10 /home/noshad/Desktop/Laravel-projects/restaurant-billing-pos/vendor/laravel/framework/src/Illuminate/Database/Concerns/ManagesTransactions.php(35): App\\Services\\OrderService->{closure:App\\Services\\OrderService::saveOrder():19}(Object(Illuminate\\Database\\MySqlConnection))
#11 /home/noshad/Desktop/Laravel-projects/restaurant-billing-pos/vendor/laravel/framework/src/Illuminate/Database/DatabaseManager.php(502): Illuminate\\Database\\Connection->transaction(Object(Closure))
#12 /home/noshad/Desktop/Laravel-projects/restaurant-billing-pos/vendor/laravel/framework/src/Illuminate/Support/Facades/Facade.php(364): Illuminate\\Database\\DatabaseManager->__call('transaction', Array)
#13 /home/noshad/Desktop/Laravel-projects/restaurant-billing-pos/app/Services/OrderService.php(19): Illuminate\\Support\\Facades\\Facade::__callStatic('transaction', Array)
#14 /home/noshad/Desktop/Laravel-projects/restaurant-billing-pos/app/Http/Controllers/OrderController.php(69): App\\Services\\OrderService->saveOrder(Array, NULL)
#15 /home/noshad/Desktop/Laravel-projects/restaurant-billing-pos/vendor/laravel/framework/src/Illuminate/Routing/ControllerDispatcher.php(46): App\\Http\\Controllers\\OrderController->save(Object(App\\Http\\Requests\\StoreOrderRequest))
#16 /home/noshad/Desktop/Laravel-projects/restaurant-billing-pos/vendor/laravel/framework/src/Illuminate/Routing/Route.php(276): Illuminate\\Routing\\ControllerDispatcher->dispatch(Object(Illuminate\\Routing\\Route), Object(App\\Http\\Controllers\\OrderController), 'save')
#17 /home/noshad/Desktop/Laravel-projects/restaurant-billing-pos/vendor/laravel/framework/src/Illuminate/Routing/Route.php(216): Illuminate\\Routing\\Route->runController()
#18 /home/noshad/Desktop/Laravel-projects/restaurant-billing-pos/vendor/laravel/framework/src/Illuminate/Routing/Router.php(822): Illuminate\\Routing\\Route->run()
#19 /home/noshad/Desktop/Laravel-projects/restaurant-billing-pos/vendor/laravel/framework/src/Illuminate/Pipeline/Pipeline.php(180): Illuminate\\Routing\\Router->{closure:Illuminate\\Routing\\Router::runRouteWithinStack():821}(Object(Illuminate\\Http\\Request))
#20 /home/noshad/Desktop/Laravel-projects/restaurant-billing-pos/vendor/laravel/framework/src/Illuminate/Routing/Middleware/SubstituteBindings.php(52): Illuminate\\Pipeline\\Pipeline->{closure:Illuminate\\Pipeline\\Pipeline::prepareDestination():178}(Object(Illuminate\\Http\\Request))
#21 /home/noshad/Desktop/Laravel-projects/restaurant-billing-pos/vendor/laravel/framework/src/Illuminate/Pipeline/Pipeline.php(219): Illuminate\\Routing\\Middleware\\SubstituteBindings->handle(Object(Illuminate\\Http\\Request), Object(Closure))
#22 /home/noshad/Desktop/Laravel-projects/restaurant-billing-pos/vendor/laravel/framework/src/Illuminate/Auth/Middleware/Authenticate.php(63): Illuminate\\Pipeline\\Pipeline->{closure:{closure:Illuminate\\Pipeline\\Pipeline::carry():194}:195}(Object(Illuminate\\Http\\Request))
#23 /home/noshad/Desktop/Laravel-projects/restaurant-billing-pos/vendor/laravel/framework/src/Illuminate/Pipeline/Pipeline.php(219): Illuminate\\Auth\\Middleware\\Authenticate->handle(Object(Illuminate\\Http\\Request), Object(Closure))
#24 /home/noshad/Desktop/Laravel-projects/restaurant-billing-pos/vendor/laravel/framework/src/Illuminate/Foundation/Http/Middleware/PreventRequestForgery.php(104): Illuminate\\Pipeline\\Pipeline->{closure:{closure:Illuminate\\Pipeline\\Pipeline::carry():194}:195}(Object(Illuminate\\Http\\Request))
#25 /home/noshad/Desktop/Laravel-projects/restaurant-billing-pos/vendor/laravel/framework/src/Illuminate/Pipeline/Pipeline.php(219): Illuminate\\Foundation\\Http\\Middleware\\PreventRequestForgery->handle(Object(Illuminate\\Http\\Request), Object(Closure))
#26 /home/noshad/Desktop/Laravel-projects/restaurant-billing-pos/vendor/laravel/framework/src/Illuminate/View/Middleware/ShareErrorsFromSession.php(48): Illuminate\\Pipeline\\Pipeline->{closure:{closure:Illuminate\\Pipeline\\Pipeline::carry():194}:195}(Object(Illuminate\\Http\\Request))
#27 /home/noshad/Desktop/Laravel-projects/restaurant-billing-pos/vendor/laravel/framework/src/Illuminate/Pipeline/Pipeline.php(219): Illuminate\\View\\Middleware\\ShareErrorsFromSession->handle(Object(Illuminate\\Http\\Request), Object(Closure))
#28 /home/noshad/Desktop/Laravel-projects/restaurant-billing-pos/vendor/laravel/framework/src/Illuminate/Session/Middleware/StartSession.php(120): Illuminate\\Pipeline\\Pipeline->{closure:{closure:Illuminate\\Pipeline\\Pipeline::carry():194}:195}(Object(Illuminate\\Http\\Request))
#29 /home/noshad/Desktop/Laravel-projects/restaurant-billing-pos/vendor/laravel/framework/src/Illuminate/Session/Middleware/StartSession.php(63): Illuminate\\Session\\Middleware\\StartSession->handleStatefulRequest(Object(Illuminate\\Http\\Request), Object(Illuminate\\Session\\Store), Object(Closure))
#30 /home/noshad/Desktop/Laravel-projects/restaurant-billing-pos/vendor/laravel/framework/src/Illuminate/Pipeline/Pipeline.php(219): Illuminate\\Session\\Middleware\\StartSession->handle(Object(Illuminate\\Http\\Request), Object(Closure))
#31 /home/noshad/Desktop/Laravel-projects/restaurant-billing-pos/vendor/laravel/framework/src/Illuminate/Cookie/Middleware/AddQueuedCookiesToResponse.php(36): Illuminate\\Pipeline\\Pipeline->{closure:{closure:Illuminate\\Pipeline\\Pipeline::carry():194}:195}(Object(Illuminate\\Http\\Request))
#32 /home/noshad/Desktop/Laravel-projects/restaurant-billing-pos/vendor/laravel/framework/src/Illuminate/Pipeline/Pipeline.php(219): Illuminate\\Cookie\\Middleware\\AddQueuedCookiesToResponse->handle(Object(Illuminate\\Http\\Request), Object(Closure))
#33 /home/noshad/Desktop/Laravel-projects/restaurant-billing-pos/vendor/laravel/framework/src/Illuminate/Cookie/Middleware/EncryptCookies.php(74): Illuminate\\Pipeline\\Pipeline->{closure:{closure:Illuminate\\Pipeline\\Pipeline::carry():194}:195}(Object(Illuminate\\Http\\Request))
#34 /home/noshad/Desktop/Laravel-projects/restaurant-billing-pos/vendor/laravel/framework/src/Illuminate/Pipeline/Pipeline.php(219): Illuminate\\Cookie\\Middleware\\EncryptCookies->handle(Object(Illuminate\\Http\\Request), Object(Closure))
#35 /home/noshad/Desktop/Laravel-projects/restaurant-billing-pos/vendor/laravel/framework/src/Illuminate/Pipeline/Pipeline.php(137): Illuminate\\Pipeline\\Pipeline->{closure:{closure:Illuminate\\Pipeline\\Pipeline::carry():194}:195}(Object(Illuminate\\Http\\Request))
#36 /home/noshad/Desktop/Laravel-projects/restaurant-billing-pos/vendor/laravel/framework/src/Illuminate/Routing/Router.php(821): Illuminate\\Pipeline\\Pipeline->then(Object(Closure))
#37 /home/noshad/Desktop/Laravel-projects/restaurant-billing-pos/vendor/laravel/framework/src/Illuminate/Routing/Router.php(800): Illuminate\\Routing\\Router->runRouteWithinStack(Object(Illuminate\\Routing\\Route), Object(Illuminate\\Http\\Request))
#38 /home/noshad/Desktop/Laravel-projects/restaurant-billing-pos/vendor/laravel/framework/src/Illuminate/Routing/Router.php(764): Illuminate\\Routing\\Router->runRoute(Object(Illuminate\\Http\\Request), Object(Illuminate\\Routing\\Route))
#39 /home/noshad/Desktop/Laravel-projects/restaurant-billing-pos/vendor/laravel/framework/src/Illuminate/Routing/Router.php(753): Illuminate\\Routing\\Router->dispatchToRoute(Object(Illuminate\\Http\\Request))
#40 /home/noshad/Desktop/Laravel-projects/restaurant-billing-pos/vendor/laravel/framework/src/Illuminate/Foundation/Http/Kernel.php(200): Illuminate\\Routing\\Router->dispatch(Object(Illuminate\\Http\\Request))
#41 /home/noshad/Desktop/Laravel-projects/restaurant-billing-pos/vendor/laravel/framework/src/Illuminate/Pipeline/Pipeline.php(180): Illuminate\\Foundation\\Http\\Kernel->{closure:Illuminate\\Foundation\\Http\\Kernel::dispatchToRouter():197}(Object(Illuminate\\Http\\Request))
#42 /home/noshad/Desktop/Laravel-projects/restaurant-billing-pos/vendor/laravel/framework/src/Illuminate/Foundation/Http/Middleware/TransformsRequest.php(21): Illuminate\\Pipeline\\Pipeline->{closure:Illuminate\\Pipeline\\Pipeline::prepareDestination():178}(Object(Illuminate\\Http\\Request))
#43 /home/noshad/Desktop/Laravel-projects/restaurant-billing-pos/vendor/laravel/framework/src/Illuminate/Foundation/Http/Middleware/ConvertEmptyStringsToNull.php(31): Illuminate\\Foundation\\Http\\Middleware\\TransformsRequest->handle(Object(Illuminate\\Http\\Request), Object(Closure))
#44 /home/noshad/Desktop/Laravel-projects/restaurant-billing-pos/vendor/laravel/framework/src/Illuminate/Pipeline/Pipeline.php(219): Illuminate\\Foundation\\Http\\Middleware\\ConvertEmptyStringsToNull->handle(Object(Illuminate\\Http\\Request), Object(Closure))
#45 /home/noshad/Desktop/Laravel-projects/restaurant-billing-pos/vendor/laravel/framework/src/Illuminate/Foundation/Http/Middleware/TransformsRequest.php(21): Illuminate\\Pipeline\\Pipeline->{closure:{closure:Illuminate\\Pipeline\\Pipeline::carry():194}:195}(Object(Illuminate\\Http\\Request))
#46 /home/noshad/Desktop/Laravel-projects/restaurant-billing-pos/vendor/laravel/framework/src/Illuminate/Foundation/Http/Middleware/TrimStrings.php(51): Illuminate\\Foundation\\Http\\Middleware\\TransformsRequest->handle(Object(Illuminate\\Http\\Request), Object(Closure))
#47 /home/noshad/Desktop/Laravel-projects/restaurant-billing-pos/vendor/laravel/framework/src/Illuminate/Pipeline/Pipeline.php(219): Illuminate\\Foundation\\Http\\Middleware\\TrimStrings->handle(Object(Illuminate\\Http\\Request), Object(Closure))
#48 /home/noshad/Desktop/Laravel-projects/restaurant-billing-pos/vendor/laravel/framework/src/Illuminate/Http/Middleware/ValidatePostSize.php(27): Illuminate\\Pipeline\\Pipeline->{closure:{closure:Illuminate\\Pipeline\\Pipeline::carry():194}:195}(Object(Illuminate\\Http\\Request))
#49 /home/noshad/Desktop/Laravel-projects/restaurant-billing-pos/vendor/laravel/framework/src/Illuminate/Pipeline/Pipeline.php(219): Illuminate\\Http\\Middleware\\ValidatePostSize->handle(Object(Illuminate\\Http\\Request), Object(Closure))
#50 /home/noshad/Desktop/Laravel-projects/restaurant-billing-pos/vendor/laravel/framework/src/Illuminate/Foundation/Http/Middleware/PreventRequestsDuringMaintenance.php(110): Illuminate\\Pipeline\\Pipeline->{closure:{closure:Illuminate\\Pipeline\\Pipeline::carry():194}:195}(Object(Illuminate\\Http\\Request))
#51 /home/noshad/Desktop/Laravel-projects/restaurant-billing-pos/vendor/laravel/framework/src/Illuminate/Pipeline/Pipeline.php(219): Illuminate\\Foundation\\Http\\Middleware\\PreventRequestsDuringMaintenance->handle(Object(Illuminate\\Http\\Request), Object(Closure))
#52 /home/noshad/Desktop/Laravel-projects/restaurant-billing-pos/vendor/laravel/framework/src/Illuminate/Http/Middleware/HandleCors.php(61): Illuminate\\Pipeline\\Pipeline->{closure:{closure:Illuminate\\Pipeline\\Pipeline::carry():194}:195}(Object(Illuminate\\Http\\Request))
#53 /home/noshad/Desktop/Laravel-projects/restaurant-billing-pos/vendor/laravel/framework/src/Illuminate/Pipeline/Pipeline.php(219): Illuminate\\Http\\Middleware\\HandleCors->handle(Object(Illuminate\\Http\\Request), Object(Closure))
#54 /home/noshad/Desktop/Laravel-projects/restaurant-billing-pos/vendor/laravel/framework/src/Illuminate/Http/Middleware/TrustProxies.php(58): Illuminate\\Pipeline\\Pipeline->{closure:{closure:Illuminate\\Pipeline\\Pipeline::carry():194}:195}(Object(Illuminate\\Http\\Request))
#55 /home/noshad/Desktop/Laravel-projects/restaurant-billing-pos/vendor/laravel/framework/src/Illuminate/Pipeline/Pipeline.php(219): Illuminate\\Http\\Middleware\\TrustProxies->handle(Object(Illuminate\\Http\\Request), Object(Closure))
#56 /home/noshad/Desktop/Laravel-projects/restaurant-billing-pos/vendor/laravel/framework/src/Illuminate/Pipeline/Pipeline.php(137): Illuminate\\Pipeline\\Pipeline->{closure:{closure:Illuminate\\Pipeline\\Pipeline::carry():194}:195}(Object(Illuminate\\Http\\Request))
#57 /home/noshad/Desktop/Laravel-projects/restaurant-billing-pos/vendor/laravel/framework/src/Illuminate/Foundation/Http/Kernel.php(175): Illuminate\\Pipeline\\Pipeline->then(Object(Closure))
#58 /home/noshad/Desktop/Laravel-projects/restaurant-billing-pos/vendor/laravel/framework/src/Illuminate/Foundation/Http/Kernel.php(144): Illuminate\\Foundation\\Http\\Kernel->sendRequestThroughRouter(Object(Illuminate\\Http\\Request))
#59 /home/noshad/Desktop/Laravel-projects/restaurant-billing-pos/public/index.php(18): Illuminate\\Foundation\\Http\\Kernel->handle(Object(Illuminate\\Http\\Request))
#60 {main}
"} 
[2026-09-28 22:29:19] local.ERROR: SQLSTATE[42S22]: Column not found: 1054 Unknown column 'discount_percent' in 'field list' (Connection: mysql, Host: lerd-mysql, Port: 3306, Database: restaurant_billing_pos, SQL: update `orders` set `subtotal` = 18.5, `discount_percent` = 10, `discount` = 1.85, `tax_percent` = 0, `tax_amount` = 0, `total` = 16.65, `orders`.`updated_at` = 2026-09-28 22:29:19 where `id` = 20) {"userId":1,"exception":"[object] (Illuminate\\Database\\QueryException(code: 42S22): SQLSTATE[42S22]: Column not found: 1054 Unknown column 'discount_percent' in 'field list' (Connection: mysql, Host: lerd-mysql, Port: 3306, Database: restaurant_billing_pos, SQL: update `orders` set `subtotal` = 18.5, `discount_percent` = 10, `discount` = 1.85, `tax_percent` = 0, `tax_amount` = 0, `total` = 16.65, `orders`.`updated_at` = 2026-09-28 22:29:19 where `id` = 20) at /home/noshad/Desktop/Laravel-projects/restaurant-billing-pos/vendor/laravel/framework/src/Illuminate/Database/Connection.php:857)
[stacktrace]
#0 /home/noshad/Desktop/Laravel-projects/restaurant-billing-pos/vendor/laravel/framework/src/Illuminate/Database/Connection.php(813): Illuminate\\Database\\Connection->runQueryCallback('update `orders`...', Array, Object(Closure))
#1 /home/noshad/Desktop/Laravel-projects/restaurant-billing-pos/vendor/laravel/framework/src/Illuminate/Database/Connection.php(614): Illuminate\\Database\\Connection->run('update `orders`...', Array, Object(Closure))
#2 /home/noshad/Desktop/Laravel-projects/restaurant-billing-pos/vendor/laravel/framework/src/Illuminate/Database/Connection.php(566): Illuminate\\Database\\Connection->affectingStatement('update `orders`...', Array)
#3 /home/noshad/Desktop/Laravel-projects/restaurant-billing-pos/vendor/laravel/framework/src/Illuminate/Database/Query/Builder.php(4379): Illuminate\\Database\\Connection->update('update `orders`...', Array)
#4 /home/noshad/Desktop/Laravel-projects/restaurant-billing-pos/vendor/laravel/framework/src/Illuminate/Database/Eloquent/Builder.php(1305): Illuminate\\Database\\Query\\Builder->update(Object(Illuminate\\Support\\Collection))
#5 /home/noshad/Desktop/Laravel-projects/restaurant-billing-pos/vendor/laravel/framework/src/Illuminate/Database/Eloquent/Model.php(1538): Illuminate\\Database\\Eloquent\\Builder->update(Array)
#6 /home/noshad/Desktop/Laravel-projects/restaurant-billing-pos/vendor/laravel/framework/src/Illuminate/Database/Eloquent/Model.php(1420): Illuminate\\Database\\Eloquent\\Model->performUpdate(Object(Illuminate\\Database\\Eloquent\\Builder))
#7 /home/noshad/Desktop/Laravel-projects/restaurant-billing-pos/app/Services/OrderService.php(69): Illuminate\\Database\\Eloquent\\Model->save()
#8 /home/noshad/Desktop/Laravel-projects/restaurant-billing-pos/vendor/laravel/framework/src/Illuminate/Database/Concerns/ManagesTransactions.php(35): App\\Services\\OrderService->{closure:App\\Services\\OrderService::saveOrder():19}(Object(Illuminate\\Database\\MySqlConnection))
#9 /home/noshad/Desktop/Laravel-projects/restaurant-billing-pos/vendor/laravel/framework/src/Illuminate/Database/DatabaseManager.php(502): Illuminate\\Database\\Connection->transaction(Object(Closure))
#10 /home/noshad/Desktop/Laravel-projects/restaurant-billing-pos/vendor/laravel/framework/src/Illuminate/Support/Facades/Facade.php(364): Illuminate\\Database\\DatabaseManager->__call('transaction', Array)
#11 /home/noshad/Desktop/Laravel-projects/restaurant-billing-pos/app/Services/OrderService.php(19): Illuminate\\Support\\Facades\\Facade::__callStatic('transaction', Array)
#12 /home/noshad/Desktop/Laravel-projects/restaurant-billing-pos/app/Http/Controllers/OrderController.php(69): App\\Services\\OrderService->saveOrder(Array, NULL)
#13 /home/noshad/Desktop/Laravel-projects/restaurant-billing-pos/vendor/laravel/framework/src/Illuminate/Routing/ControllerDispatcher.php(46): App\\Http\\Controllers\\OrderController->save(Object(App\\Http\\Requests\\StoreOrderRequest))
#14 /home/noshad/Desktop/Laravel-projects/restaurant-billing-pos/vendor/laravel/framework/src/Illuminate/Routing/Route.php(276): Illuminate\\Routing\\ControllerDispatcher->dispatch(Object(Illuminate\\Routing\\Route), Object(App\\Http\\Controllers\\OrderController), 'save')
#15 /home/noshad/Desktop/Laravel-projects/restaurant-billing-pos/vendor/laravel/framework/src/Illuminate/Routing/Route.php(216): Illuminate\\Routing\\Route->runController()
#16 /home/noshad/Desktop/Laravel-projects/restaurant-billing-pos/vendor/laravel/framework/src/Illuminate/Routing/Router.php(822): Illuminate\\Routing\\Route->run()
#17 /home/noshad/Desktop/Laravel-projects/restaurant-billing-pos/vendor/laravel/framework/src/Illuminate/Pipeline/Pipeline.php(180): Illuminate\\Routing\\Router->{closure:Illuminate\\Routing\\Router::runRouteWithinStack():821}(Object(Illuminate\\Http\\Request))
#18 /home/noshad/Desktop/Laravel-projects/restaurant-billing-pos/vendor/laravel/framework/src/Illuminate/Routing/Middleware/SubstituteBindings.php(52): Illuminate\\Pipeline\\Pipeline->{closure:Illuminate\\Pipeline\\Pipeline::prepareDestination():178}(Object(Illuminate\\Http\\Request))
#19 /home/noshad/Desktop/Laravel-projects/restaurant-billing-pos/vendor/laravel/framework/src/Illuminate/Pipeline/Pipeline.php(219): Illuminate\\Routing\\Middleware\\SubstituteBindings->handle(Object(Illuminate\\Http\\Request), Object(Closure))
#20 /home/noshad/Desktop/Laravel-projects/restaurant-billing-pos/vendor/laravel/framework/src/Illuminate/Auth/Middleware/Authenticate.php(63): Illuminate\\Pipeline\\Pipeline->{closure:{closure:Illuminate\\Pipeline\\Pipeline::carry():194}:195}(Object(Illuminate\\Http\\Request))
#21 /home/noshad/Desktop/Laravel-projects/restaurant-billing-pos/vendor/laravel/framework/src/Illuminate/Pipeline/Pipeline.php(219): Illuminate\\Auth\\Middleware\\Authenticate->handle(Object(Illuminate\\Http\\Request), Object(Closure))
#22 /home/noshad/Desktop/Laravel-projects/restaurant-billing-pos/vendor/laravel/framework/src/Illuminate/Foundation/Http/Middleware/PreventRequestForgery.php(104): Illuminate\\Pipeline\\Pipeline->{closure:{closure:Illuminate\\Pipeline\\Pipeline::carry():194}:195}(Object(Illuminate\\Http\\Request))
#23 /home/noshad/Desktop/Laravel-projects/restaurant-billing-pos/vendor/laravel/framework/src/Illuminate/Pipeline/Pipeline.php(219): Illuminate\\Foundation\\Http\\Middleware\\PreventRequestForgery->handle(Object(Illuminate\\Http\\Request), Object(Closure))
#24 /home/noshad/Desktop/Laravel-projects/restaurant-billing-pos/vendor/laravel/framework/src/Illuminate/View/Middleware/ShareErrorsFromSession.php(48): Illuminate\\Pipeline\\Pipeline->{closure:{closure:Illuminate\\Pipeline\\Pipeline::carry():194}:195}(Object(Illuminate\\Http\\Request))
#25 /home/noshad/Desktop/Laravel-projects/restaurant-billing-pos/vendor/laravel/framework/src/Illuminate/Pipeline/Pipeline.php(219): Illuminate\\View\\Middleware\\ShareErrorsFromSession->handle(Object(Illuminate\\Http\\Request), Object(Closure))
#26 /home/noshad/Desktop/Laravel-projects/restaurant-billing-pos/vendor/laravel/framework/src/Illuminate/Session/Middleware/StartSession.php(120): Illuminate\\Pipeline\\Pipeline->{closure:{closure:Illuminate\\Pipeline\\Pipeline::carry():194}:195}(Object(Illuminate\\Http\\Request))
#27 /home/noshad/Desktop/Laravel-projects/restaurant-billing-pos/vendor/laravel/framework/src/Illuminate/Session/Middleware/StartSession.php(63): Illuminate\\Session\\Middleware\\StartSession->handleStatefulRequest(Object(Illuminate\\Http\\Request), Object(Illuminate\\Session\\Store), Object(Closure))
#28 /home/noshad/Desktop/Laravel-projects/restaurant-billing-pos/vendor/laravel/framework/src/Illuminate/Pipeline/Pipeline.php(219): Illuminate\\Session\\Middleware\\StartSession->handle(Object(Illuminate\\Http\\Request), Object(Closure))
#29 /home/noshad/Desktop/Laravel-projects/restaurant-billing-pos/vendor/laravel/framework/src/Illuminate/Cookie/Middleware/AddQueuedCookiesToResponse.php(36): Illuminate\\Pipeline\\Pipeline->{closure:{closure:Illuminate\\Pipeline\\Pipeline::carry():194}:195}(Object(Illuminate\\Http\\Request))
#30 /home/noshad/Desktop/Laravel-projects/restaurant-billing-pos/vendor/laravel/framework/src/Illuminate/Pipeline/Pipeline.php(219): Illuminate\\Cookie\\Middleware\\AddQueuedCookiesToResponse->handle(Object(Illuminate\\Http\\Request), Object(Closure))
#31 /home/noshad/Desktop/Laravel-projects/restaurant-billing-pos/vendor/laravel/framework/src/Illuminate/Cookie/Middleware/EncryptCookies.php(74): Illuminate\\Pipeline\\Pipeline->{closure:{closure:Illuminate\\Pipeline\\Pipeline::carry():194}:195}(Object(Illuminate\\Http\\Request))
#32 /home/noshad/Desktop/Laravel-projects/restaurant-billing-pos/vendor/laravel/framework/src/Illuminate/Pipeline/Pipeline.php(219): Illuminate\\Cookie\\Middleware\\EncryptCookies->handle(Object(Illuminate\\Http\\Request), Object(Closure))
#33 /home/noshad/Desktop/Laravel-projects/restaurant-billing-pos/vendor/laravel/framework/src/Illuminate/Pipeline/Pipeline.php(137): Illuminate\\Pipeline\\Pipeline->{closure:{closure:Illuminate\\Pipeline\\Pipeline::carry():194}:195}(Object(Illuminate\\Http\\Request))
#34 /home/noshad/Desktop/Laravel-projects/restaurant-billing-pos/vendor/laravel/framework/src/Illuminate/Routing/Router.php(821): Illuminate\\Pipeline\\Pipeline->then(Object(Closure))
#35 /home/noshad/Desktop/Laravel-projects/restaurant-billing-pos/vendor/laravel/framework/src/Illuminate/Routing/Router.php(800): Illuminate\\Routing\\Router->runRouteWithinStack(Object(Illuminate\\Routing\\Route), Object(Illuminate\\Http\\Request))
#36 /home/noshad/Desktop/Laravel-projects/restaurant-billing-pos/vendor/laravel/framework/src/Illuminate/Routing/Router.php(764): Illuminate\\Routing\\Router->runRoute(Object(Illuminate\\Http\\Request), Object(Illuminate\\Routing\\Route))
#37 /home/noshad/Desktop/Laravel-projects/restaurant-billing-pos/vendor/laravel/framework/src/Illuminate/Routing/Router.php(753): Illuminate\\Routing\\Router->dispatchToRoute(Object(Illuminate\\Http\\Request))
#38 /home/noshad/Desktop/Laravel-projects/restaurant-billing-pos/vendor/laravel/framework/src/Illuminate/Foundation/Http/Kernel.php(200): Illuminate\\Routing\\Router->dispatch(Object(Illuminate\\Http\\Request))
#39 /home/noshad/Desktop/Laravel-projects/restaurant-billing-pos/vendor/laravel/framework/src/Illuminate/Pipeline/Pipeline.php(180): Illuminate\\Foundation\\Http\\Kernel->{closure:Illuminate\\Foundation\\Http\\Kernel::dispatchToRouter():197}(Object(Illuminate\\Http\\Request))
#40 /home/noshad/Desktop/Laravel-projects/restaurant-billing-pos/vendor/laravel/framework/src/Illuminate/Foundation/Http/Middleware/TransformsRequest.php(21): Illuminate\\Pipeline\\Pipeline->{closure:Illuminate\\Pipeline\\Pipeline::prepareDestination():178}(Object(Illuminate\\Http\\Request))
#41 /home/noshad/Desktop/Laravel-projects/restaurant-billing-pos/vendor/laravel/framework/src/Illuminate/Foundation/Http/Middleware/ConvertEmptyStringsToNull.php(31): Illuminate\\Foundation\\Http\\Middleware\\TransformsRequest->handle(Object(Illuminate\\Http\\Request), Object(Closure))
#42 /home/noshad/Desktop/Laravel-projects/restaurant-billing-pos/vendor/laravel/framework/src/Illuminate/Pipeline/Pipeline.php(219): Illuminate\\Foundation\\Http\\Middleware\\ConvertEmptyStringsToNull->handle(Object(Illuminate\\Http\\Request), Object(Closure))
#43 /home/noshad/Desktop/Laravel-projects/restaurant-billing-pos/vendor/laravel/framework/src/Illuminate/Foundation/Http/Middleware/TransformsRequest.php(21): Illuminate\\Pipeline\\Pipeline->{closure:{closure:Illuminate\\Pipeline\\Pipeline::carry():194}:195}(Object(Illuminate\\Http\\Request))
#44 /home/noshad/Desktop/Laravel-projects/restaurant-billing-pos/vendor/laravel/framework/src/Illuminate/Foundation/Http/Middleware/TrimStrings.php(51): Illuminate\\Foundation\\Http\\Middleware\\TransformsRequest->handle(Object(Illuminate\\Http\\Request), Object(Closure))
#45 /home/noshad/Desktop/Laravel-projects/restaurant-billing-pos/vendor/laravel/framework/src/Illuminate/Pipeline/Pipeline.php(219): Illuminate\\Foundation\\Http\\Middleware\\TrimStrings->handle(Object(Illuminate\\Http\\Request), Object(Closure))
#46 /home/noshad/Desktop/Laravel-projects/restaurant-billing-pos/vendor/laravel/framework/src/Illuminate/Http/Middleware/ValidatePostSize.php(27): Illuminate\\Pipeline\\Pipeline->{closure:{closure:Illuminate\\Pipeline\\Pipeline::carry():194}:195}(Object(Illuminate\\Http\\Request))
#47 /home/noshad/Desktop/Laravel-projects/restaurant-billing-pos/vendor/laravel/framework/src/Illuminate/Pipeline/Pipeline.php(219): Illuminate\\Http\\Middleware\\ValidatePostSize->handle(Object(Illuminate\\Http\\Request), Object(Closure))
#48 /home/noshad/Desktop/Laravel-projects/restaurant-billing-pos/vendor/laravel/framework/src/Illuminate/Foundation/Http/Middleware/PreventRequestsDuringMaintenance.php(110): Illuminate\\Pipeline\\Pipeline->{closure:{closure:Illuminate\\Pipeline\\Pipeline::carry():194}:195}(Object(Illuminate\\Http\\Request))
#49 /home/noshad/Desktop/Laravel-projects/restaurant-billing-pos/vendor/laravel/framework/src/Illuminate/Pipeline/Pipeline.php(219): Illuminate\\Foundation\\Http\\Middleware\\PreventRequestsDuringMaintenance->handle(Object(Illuminate\\Http\\Request), Object(Closure))
#50 /home/noshad/Desktop/Laravel-projects/restaurant-billing-pos/vendor/laravel/framework/src/Illuminate/Http/Middleware/HandleCors.php(61): Illuminate\\Pipeline\\Pipeline->{closure:{closure:Illuminate\\Pipeline\\Pipeline::carry():194}:195}(Object(Illuminate\\Http\\Request))
#51 /home/noshad/Desktop/Laravel-projects/restaurant-billing-pos/vendor/laravel/framework/src/Illuminate/Pipeline/Pipeline.php(219): Illuminate\\Http\\Middleware\\HandleCors->handle(Object(Illuminate\\Http\\Request), Object(Closure))
#52 /home/noshad/Desktop/Laravel-projects/restaurant-billing-pos/vendor/laravel/framework/src/Illuminate/Http/Middleware/TrustProxies.php(58): Illuminate\\Pipeline\\Pipeline->{closure:{closure:Illuminate\\Pipeline\\Pipeline::carry():194}:195}(Object(Illuminate\\Http\\Request))
#53 /home/noshad/Desktop/Laravel-projects/restaurant-billing-pos/vendor/laravel/framework/src/Illuminate/Pipeline/Pipeline.php(219): Illuminate\\Http\\Middleware\\TrustProxies->handle(Object(Illuminate\\Http\\Request), Object(Closure))
#54 /home/noshad/Desktop/Laravel-projects/restaurant-billing-pos/vendor/laravel/framework/src/Illuminate/Pipeline/Pipeline.php(137): Illuminate\\Pipeline\\Pipeline->{closure:{closure:Illuminate\\Pipeline\\Pipeline::carry():194}:195}(Object(Illuminate\\Http\\Request))
#55 /home/noshad/Desktop/Laravel-projects/restaurant-billing-pos/vendor/laravel/framework/src/Illuminate/Foundation/Http/Kernel.php(175): Illuminate\\Pipeline\\Pipeline->then(Object(Closure))
#56 /home/noshad/Desktop/Laravel-projects/restaurant-billing-pos/vendor/laravel/framework/src/Illuminate/Foundation/Http/Kernel.php(144): Illuminate\\Foundation\\Http\\Kernel->sendRequestThroughRouter(Object(Illuminate\\Http\\Request))
#57 /home/noshad/Desktop/Laravel-projects/restaurant-billing-pos/public/index.php(18): Illuminate\\Foundation\\Http\\Kernel->handle(Object(Illuminate\\Http\\Request))
#58 {main}

[previous exception] [object] (PDOException(code: 42S22): SQLSTATE[42S22]: Column not found: 1054 Unknown column 'discount_percent' in 'field list' at /home/noshad/Desktop/Laravel-projects/restaurant-billing-pos/vendor/laravel/framework/src/Illuminate/Database/Connection.php:622)
[stacktrace]
#0 /home/noshad/Desktop/Laravel-projects/restaurant-billing-pos/vendor/laravel/framework/src/Illuminate/Database/Connection.php(622): PDO->prepare('update `orders`...')
#1 /home/noshad/Desktop/Laravel-projects/restaurant-billing-pos/vendor/laravel/framework/src/Illuminate/Database/Connection.php(846): Illuminate\\Database\\Connection->{closure:Illuminate\\Database\\Connection::affectingStatement():614}('update `orders`...', Array)
#2 /home/noshad/Desktop/Laravel-projects/restaurant-billing-pos/vendor/laravel/framework/src/Illuminate/Database/Connection.php(813): Illuminate\\Database\\Connection->runQueryCallback('update `orders`...', Array, Object(Closure))
#3 /home/noshad/Desktop/Laravel-projects/restaurant-billing-pos/vendor/laravel/framework/src/Illuminate/Database/Connection.php(614): Illuminate\\Database\\Connection->run('update `orders`...', Array, Object(Closure))
#4 /home/noshad/Desktop/Laravel-projects/restaurant-billing-pos/vendor/laravel/framework/src/Illuminate/Database/Connection.php(566): Illuminate\\Database\\Connection->affectingStatement('update `orders`...', Array)
#5 /home/noshad/Desktop/Laravel-projects/restaurant-billing-pos/vendor/laravel/framework/src/Illuminate/Database/Query/Builder.php(4379): Illuminate\\Database\\Connection->update('update `orders`...', Array)
#6 /home/noshad/Desktop/Laravel-projects/restaurant-billing-pos/vendor/laravel/framework/src/Illuminate/Database/Eloquent/Builder.php(1305): Illuminate\\Database\\Query\\Builder->update(Object(Illuminate\\Support\\Collection))
#7 /home/noshad/Desktop/Laravel-projects/restaurant-billing-pos/vendor/laravel/framework/src/Illuminate/Database/Eloquent/Model.php(1538): Illuminate\\Database\\Eloquent\\Builder->update(Array)
#8 /home/noshad/Desktop/Laravel-projects/restaurant-billing-pos/vendor/laravel/framework/src/Illuminate/Database/Eloquent/Model.php(1420): Illuminate\\Database\\Eloquent\\Model->performUpdate(Object(Illuminate\\Database\\Eloquent\\Builder))
#9 /home/noshad/Desktop/Laravel-projects/restaurant-billing-pos/app/Services/OrderService.php(69): Illuminate\\Database\\Eloquent\\Model->save()
#10 /home/noshad/Desktop/Laravel-projects/restaurant-billing-pos/vendor/laravel/framework/src/Illuminate/Database/Concerns/ManagesTransactions.php(35): App\\Services\\OrderService->{closure:App\\Services\\OrderService::saveOrder():19}(Object(Illuminate\\Database\\MySqlConnection))
#11 /home/noshad/Desktop/Laravel-projects/restaurant-billing-pos/vendor/laravel/framework/src/Illuminate/Database/DatabaseManager.php(502): Illuminate\\Database\\Connection->transaction(Object(Closure))
#12 /home/noshad/Desktop/Laravel-projects/restaurant-billing-pos/vendor/laravel/framework/src/Illuminate/Support/Facades/Facade.php(364): Illuminate\\Database\\DatabaseManager->__call('transaction', Array)
#13 /home/noshad/Desktop/Laravel-projects/restaurant-billing-pos/app/Services/OrderService.php(19): Illuminate\\Support\\Facades\\Facade::__callStatic('transaction', Array)
#14 /home/noshad/Desktop/Laravel-projects/restaurant-billing-pos/app/Http/Controllers/OrderController.php(69): App\\Services\\OrderService->saveOrder(Array, NULL)
#15 /home/noshad/Desktop/Laravel-projects/restaurant-billing-pos/vendor/laravel/framework/src/Illuminate/Routing/ControllerDispatcher.php(46): App\\Http\\Controllers\\OrderController->save(Object(App\\Http\\Requests\\StoreOrderRequest))
#16 /home/noshad/Desktop/Laravel-projects/restaurant-billing-pos/vendor/laravel/framework/src/Illuminate/Routing/Route.php(276): Illuminate\\Routing\\ControllerDispatcher->dispatch(Object(Illuminate\\Routing\\Route), Object(App\\Http\\Controllers\\OrderController), 'save')
#17 /home/noshad/Desktop/Laravel-projects/restaurant-billing-pos/vendor/laravel/framework/src/Illuminate/Routing/Route.php(216): Illuminate\\Routing\\Route->runController()
#18 /home/noshad/Desktop/Laravel-projects/restaurant-billing-pos/vendor/laravel/framework/src/Illuminate/Routing/Router.php(822): Illuminate\\Routing\\Route->run()
#19 /home/noshad/Desktop/Laravel-projects/restaurant-billing-pos/vendor/laravel/framework/src/Illuminate/Pipeline/Pipeline.php(180): Illuminate\\Routing\\Router->{closure:Illuminate\\Routing\\Router::runRouteWithinStack():821}(Object(Illuminate\\Http\\Request))
#20 /home/noshad/Desktop/Laravel-projects/restaurant-billing-pos/vendor/laravel/framework/src/Illuminate/Routing/Middleware/SubstituteBindings.php(52): Illuminate\\Pipeline\\Pipeline->{closure:Illuminate\\Pipeline\\Pipeline::prepareDestination():178}(Object(Illuminate\\Http\\Request))
#21 /home/noshad/Desktop/Laravel-projects/restaurant-billing-pos/vendor/laravel/framework/src/Illuminate/Pipeline/Pipeline.php(219): Illuminate\\Routing\\Middleware\\SubstituteBindings->handle(Object(Illuminate\\Http\\Request), Object(Closure))
#22 /home/noshad/Desktop/Laravel-projects/restaurant-billing-pos/vendor/laravel/framework/src/Illuminate/Auth/Middleware/Authenticate.php(63): Illuminate\\Pipeline\\Pipeline->{closure:{closure:Illuminate\\Pipeline\\Pipeline::carry():194}:195}(Object(Illuminate\\Http\\Request))
#23 /home/noshad/Desktop/Laravel-projects/restaurant-billing-pos/vendor/laravel/framework/src/Illuminate/Pipeline/Pipeline.php(219): Illuminate\\Auth\\Middleware\\Authenticate->handle(Object(Illuminate\\Http\\Request), Object(Closure))
#24 /home/noshad/Desktop/Laravel-projects/restaurant-billing-pos/vendor/laravel/framework/src/Illuminate/Foundation/Http/Middleware/PreventRequestForgery.php(104): Illuminate\\Pipeline\\Pipeline->{closure:{closure:Illuminate\\Pipeline\\Pipeline::carry():194}:195}(Object(Illuminate\\Http\\Request))
#25 /home/noshad/Desktop/Laravel-projects/restaurant-billing-pos/vendor/laravel/framework/src/Illuminate/Pipeline/Pipeline.php(219): Illuminate\\Foundation\\Http\\Middleware\\PreventRequestForgery->handle(Object(Illuminate\\Http\\Request), Object(Closure))
#26 /home/noshad/Desktop/Laravel-projects/restaurant-billing-pos/vendor/laravel/framework/src/Illuminate/View/Middleware/ShareErrorsFromSession.php(48): Illuminate\\Pipeline\\Pipeline->{closure:{closure:Illuminate\\Pipeline\\Pipeline::carry():194}:195}(Object(Illuminate\\Http\\Request))
#27 /home/noshad/Desktop/Laravel-projects/restaurant-billing-pos/vendor/laravel/framework/src/Illuminate/Pipeline/Pipeline.php(219): Illuminate\\View\\Middleware\\ShareErrorsFromSession->handle(Object(Illuminate\\Http\\Request), Object(Closure))
#28 /home/noshad/Desktop/Laravel-projects/restaurant-billing-pos/vendor/laravel/framework/src/Illuminate/Session/Middleware/StartSession.php(120): Illuminate\\Pipeline\\Pipeline->{closure:{closure:Illuminate\\Pipeline\\Pipeline::carry():194}:195}(Object(Illuminate\\Http\\Request))
#29 /home/noshad/Desktop/Laravel-projects/restaurant-billing-pos/vendor/laravel/framework/src/Illuminate/Session/Middleware/StartSession.php(63): Illuminate\\Session\\Middleware\\StartSession->handleStatefulRequest(Object(Illuminate\\Http\\Request), Object(Illuminate\\Session\\Store), Object(Closure))
#30 /home/noshad/Desktop/Laravel-projects/restaurant-billing-pos/vendor/laravel/framework/src/Illuminate/Pipeline/Pipeline.php(219): Illuminate\\Session\\Middleware\\StartSession->handle(Object(Illuminate\\Http\\Request), Object(Closure))
#31 /home/noshad/Desktop/Laravel-projects/restaurant-billing-pos/vendor/laravel/framework/src/Illuminate/Cookie/Middleware/AddQueuedCookiesToResponse.php(36): Illuminate\\Pipeline\\Pipeline->{closure:{closure:Illuminate\\Pipeline\\Pipeline::carry():194}:195}(Object(Illuminate\\Http\\Request))
#32 /home/noshad/Desktop/Laravel-projects/restaurant-billing-pos/vendor/laravel/framework/src/Illuminate/Pipeline/Pipeline.php(219): Illuminate\\Cookie\\Middleware\\AddQueuedCookiesToResponse->handle(Object(Illuminate\\Http\\Request), Object(Closure))
#33 /home/noshad/Desktop/Laravel-projects/restaurant-billing-pos/vendor/laravel/framework/src/Illuminate/Cookie/Middleware/EncryptCookies.php(74): Illuminate\\Pipeline\\Pipeline->{closure:{closure:Illuminate\\Pipeline\\Pipeline::carry():194}:195}(Object(Illuminate\\Http\\Request))
#34 /home/noshad/Desktop/Laravel-projects/restaurant-billing-pos/vendor/laravel/framework/src/Illuminate/Pipeline/Pipeline.php(219): Illuminate\\Cookie\\Middleware\\EncryptCookies->handle(Object(Illuminate\\Http\\Request), Object(Closure))
#35 /home/noshad/Desktop/Laravel-projects/restaurant-billing-pos/vendor/laravel/framework/src/Illuminate/Pipeline/Pipeline.php(137): Illuminate\\Pipeline\\Pipeline->{closure:{closure:Illuminate\\Pipeline\\Pipeline::carry():194}:195}(Object(Illuminate\\Http\\Request))
#36 /home/noshad/Desktop/Laravel-projects/restaurant-billing-pos/vendor/laravel/framework/src/Illuminate/Routing/Router.php(821): Illuminate\\Pipeline\\Pipeline->then(Object(Closure))
#37 /home/noshad/Desktop/Laravel-projects/restaurant-billing-pos/vendor/laravel/framework/src/Illuminate/Routing/Router.php(800): Illuminate\\Routing\\Router->runRouteWithinStack(Object(Illuminate\\Routing\\Route), Object(Illuminate\\Http\\Request))
#38 /home/noshad/Desktop/Laravel-projects/restaurant-billing-pos/vendor/laravel/framework/src/Illuminate/Routing/Router.php(764): Illuminate\\Routing\\Router->runRoute(Object(Illuminate\\Http\\Request), Object(Illuminate\\Routing\\Route))
#39 /home/noshad/Desktop/Laravel-projects/restaurant-billing-pos/vendor/laravel/framework/src/Illuminate/Routing/Router.php(753): Illuminate\\Routing\\Router->dispatchToRoute(Object(Illuminate\\Http\\Request))
#40 /home/noshad/Desktop/Laravel-projects/restaurant-billing-pos/vendor/laravel/framework/src/Illuminate/Foundation/Http/Kernel.php(200): Illuminate\\Routing\\Router->dispatch(Object(Illuminate\\Http\\Request))
#41 /home/noshad/Desktop/Laravel-projects/restaurant-billing-pos/vendor/laravel/framework/src/Illuminate/Pipeline/Pipeline.php(180): Illuminate\\Foundation\\Http\\Kernel->{closure:Illuminate\\Foundation\\Http\\Kernel::dispatchToRouter():197}(Object(Illuminate\\Http\\Request))
#42 /home/noshad/Desktop/Laravel-projects/restaurant-billing-pos/vendor/laravel/framework/src/Illuminate/Foundation/Http/Middleware/TransformsRequest.php(21): Illuminate\\Pipeline\\Pipeline->{closure:Illuminate\\Pipeline\\Pipeline::prepareDestination():178}(Object(Illuminate\\Http\\Request))
#43 /home/noshad/Desktop/Laravel-projects/restaurant-billing-pos/vendor/laravel/framework/src/Illuminate/Foundation/Http/Middleware/ConvertEmptyStringsToNull.php(31): Illuminate\\Foundation\\Http\\Middleware\\TransformsRequest->handle(Object(Illuminate\\Http\\Request), Object(Closure))
#44 /home/noshad/Desktop/Laravel-projects/restaurant-billing-pos/vendor/laravel/framework/src/Illuminate/Pipeline/Pipeline.php(219): Illuminate\\Foundation\\Http\\Middleware\\ConvertEmptyStringsToNull->handle(Object(Illuminate\\Http\\Request), Object(Closure))
#45 /home/noshad/Desktop/Laravel-projects/restaurant-billing-pos/vendor/laravel/framework/src/Illuminate/Foundation/Http/Middleware/TransformsRequest.php(21): Illuminate\\Pipeline\\Pipeline->{closure:{closure:Illuminate\\Pipeline\\Pipeline::carry():194}:195}(Object(Illuminate\\Http\\Request))
#46 /home/noshad/Desktop/Laravel-projects/restaurant-billing-pos/vendor/laravel/framework/src/Illuminate/Foundation/Http/Middleware/TrimStrings.php(51): Illuminate\\Foundation\\Http\\Middleware\\TransformsRequest->handle(Object(Illuminate\\Http\\Request), Object(Closure))
#47 /home/noshad/Desktop/Laravel-projects/restaurant-billing-pos/vendor/laravel/framework/src/Illuminate/Pipeline/Pipeline.php(219): Illuminate\\Foundation\\Http\\Middleware\\TrimStrings->handle(Object(Illuminate\\Http\\Request), Object(Closure))
#48 /home/noshad/Desktop/Laravel-projects/restaurant-billing-pos/vendor/laravel/framework/src/Illuminate/Http/Middleware/ValidatePostSize.php(27): Illuminate\\Pipeline\\Pipeline->{closure:{closure:Illuminate\\Pipeline\\Pipeline::carry():194}:195}(Object(Illuminate\\Http\\Request))
#49 /home/noshad/Desktop/Laravel-projects/restaurant-billing-pos/vendor/laravel/framework/src/Illuminate/Pipeline/Pipeline.php(219): Illuminate\\Http\\Middleware\\ValidatePostSize->handle(Object(Illuminate\\Http\\Request), Object(Closure))
#50 /home/noshad/Desktop/Laravel-projects/restaurant-billing-pos/vendor/laravel/framework/src/Illuminate/Foundation/Http/Middleware/PreventRequestsDuringMaintenance.php(110): Illuminate\\Pipeline\\Pipeline->{closure:{closure:Illuminate\\Pipeline\\Pipeline::carry():194}:195}(Object(Illuminate\\Http\\Request))
#51 /home/noshad/Desktop/Laravel-projects/restaurant-billing-pos/vendor/laravel/framework/src/Illuminate/Pipeline/Pipeline.php(219): Illuminate\\Foundation\\Http\\Middleware\\PreventRequestsDuringMaintenance->handle(Object(Illuminate\\Http\\Request), Object(Closure))
#52 /home/noshad/Desktop/Laravel-projects/restaurant-billing-pos/vendor/laravel/framework/src/Illuminate/Http/Middleware/HandleCors.php(61): Illuminate\\Pipeline\\Pipeline->{closure:{closure:Illuminate\\Pipeline\\Pipeline::carry():194}:195}(Object(Illuminate\\Http\\Request))
#53 /home/noshad/Desktop/Laravel-projects/restaurant-billing-pos/vendor/laravel/framework/src/Illuminate/Pipeline/Pipeline.php(219): Illuminate\\Http\\Middleware\\HandleCors->handle(Object(Illuminate\\Http\\Request), Object(Closure))
#54 /home/noshad/Desktop/Laravel-projects/restaurant-billing-pos/vendor/laravel/framework/src/Illuminate/Http/Middleware/TrustProxies.php(58): Illuminate\\Pipeline\\Pipeline->{closure:{closure:Illuminate\\Pipeline\\Pipeline::carry():194}:195}(Object(Illuminate\\Http\\Request))
#55 /home/noshad/Desktop/Laravel-projects/restaurant-billing-pos/vendor/laravel/framework/src/Illuminate/Pipeline/Pipeline.php(219): Illuminate\\Http\\Middleware\\TrustProxies->handle(Object(Illuminate\\Http\\Request), Object(Closure))
#56 /home/noshad/Desktop/Laravel-projects/restaurant-billing-pos/vendor/laravel/framework/src/Illuminate/Pipeline/Pipeline.php(137): Illuminate\\Pipeline\\Pipeline->{closure:{closure:Illuminate\\Pipeline\\Pipeline::carry():194}:195}(Object(Illuminate\\Http\\Request))
#57 /home/noshad/Desktop/Laravel-projects/restaurant-billing-pos/vendor/laravel/framework/src/Illuminate/Foundation/Http/Kernel.php(175): Illuminate\\Pipeline\\Pipeline->then(Object(Closure))
#58 /home/noshad/Desktop/Laravel-projects/restaurant-billing-pos/vendor/laravel/framework/src/Illuminate/Foundation/Http/Kernel.php(144): Illuminate\\Foundation\\Http\\Kernel->sendRequestThroughRouter(Object(Illuminate\\Http\\Request))
#59 /home/noshad/Desktop/Laravel-projects/restaurant-billing-pos/public/index.php(18): Illuminate\\Foundation\\Http\\Kernel->handle(Object(Illuminate\\Http\\Request))
#60 {main}
"} 
[2026-09-28 22:58:26] local.ERROR: SQLSTATE[42S01]: Base table or view already exists: 1050 Table 'categories' already exists (Connection: mysql, Host: lerd-mysql, Port: 3306, Database: pos_system, SQL: create table `categories` (`id` bigint unsigned not null auto_increment primary key, `name` varchar(255) not null, `slug` varchar(255) not null, `color` varchar(7) not null default '#17b167', `is_active` tinyint(1) not null default '1', `created_at` timestamp null, `updated_at` timestamp null) default character set utf8mb4 collate 'utf8mb4_unicode_ci') {"exception":"[object] (Illuminate\\Database\\QueryException(code: 42S01): SQLSTATE[42S01]: Base table or view already exists: 1050 Table 'categories' already exists (Connection: mysql, Host: lerd-mysql, Port: 3306, Database: pos_system, SQL: create table `categories` (`id` bigint unsigned not null auto_increment primary key, `name` varchar(255) not null, `slug` varchar(255) not null, `color` varchar(7) not null default '#17b167', `is_active` tinyint(1) not null default '1', `created_at` timestamp null, `updated_at` timestamp null) default character set utf8mb4 collate 'utf8mb4_unicode_ci') at /home/noshad/Desktop/Laravel-projects/pos-system/vendor/laravel/framework/src/Illuminate/Database/Connection.php:857)
[stacktrace]
#0 /home/noshad/Desktop/Laravel-projects/pos-system/vendor/laravel/framework/src/Illuminate/Database/Connection.php(813): Illuminate\\Database\\Connection->runQueryCallback('create table `c...', Array, Object(Closure))
#1 /home/noshad/Desktop/Laravel-projects/pos-system/vendor/laravel/framework/src/Illuminate/Database/Connection.php(590): Illuminate\\Database\\Connection->run('create table `c...', Array, Object(Closure))
#2 /home/noshad/Desktop/Laravel-projects/pos-system/vendor/laravel/framework/src/Illuminate/Database/Schema/Blueprint.php(122): Illuminate\\Database\\Connection->statement('create table `c...')
#3 /home/noshad/Desktop/Laravel-projects/pos-system/vendor/laravel/framework/src/Illuminate/Database/Schema/Builder.php(704): Illuminate\\Database\\Schema\\Blueprint->build()
#4 /home/noshad/Desktop/Laravel-projects/pos-system/vendor/laravel/framework/src/Illuminate/Database/Schema/Builder.php(522): Illuminate\\Database\\Schema\\Builder->build(Object(Illuminate\\Database\\Schema\\Blueprint))
#5 /home/noshad/Desktop/Laravel-projects/pos-system/vendor/laravel/framework/src/Illuminate/Support/Facades/Facade.php(364): Illuminate\\Database\\Schema\\Builder->create('categories', Object(Closure))
#6 /home/noshad/Desktop/Laravel-projects/pos-system/database/migrations/0001_01_01_000001_create_categories_table.php(11): Illuminate\\Support\\Facades\\Facade::__callStatic('create', Array)
#7 /home/noshad/Desktop/Laravel-projects/pos-system/vendor/laravel/framework/src/Illuminate/Database/Migrations/Migrator.php(517): Illuminate\\Database\\Migrations\\Migration@anonymous->up()
#8 /home/noshad/Desktop/Laravel-projects/pos-system/vendor/laravel/framework/src/Illuminate/Database/Migrations/Migrator.php(442): Illuminate\\Database\\Migrations\\Migrator->runMethod(Object(Illuminate\\Database\\MySqlConnection), Object(Illuminate\\Database\\Migrations\\Migration@anonymous), 'up')
#9 /home/noshad/Desktop/Laravel-projects/pos-system/vendor/laravel/framework/src/Illuminate/Database/Migrations/Migrator.php(451): Illuminate\\Database\\Migrations\\Migrator->{closure:Illuminate\\Database\\Migrations\\Migrator::runMigration():438}()
#10 /home/noshad/Desktop/Laravel-projects/pos-system/vendor/laravel/framework/src/Illuminate/Database/Migrations/Migrator.php(253): Illuminate\\Database\\Migrations\\Migrator->runMigration(Object(Illuminate\\Database\\Migrations\\Migration@anonymous), 'up', '0001_01_01_0000...')
#11 /home/noshad/Desktop/Laravel-projects/pos-system/vendor/laravel/framework/src/Illuminate/Console/View/Components/Task.php(43): Illuminate\\Database\\Migrations\\Migrator->{closure:Illuminate\\Database\\Migrations\\Migrator::runUp():253}()
#12 /home/noshad/Desktop/Laravel-projects/pos-system/vendor/laravel/framework/src/Illuminate/Database/Migrations/Migrator.php(853): Illuminate\\Console\\View\\Components\\Task->render('0001_01_01_0000...', Object(Closure))
#13 /home/noshad/Desktop/Laravel-projects/pos-system/vendor/laravel/framework/src/Illuminate/Database/Migrations/Migrator.php(253): Illuminate\\Database\\Migrations\\Migrator->write('Illuminate\\\\Cons...', '0001_01_01_0000...', Object(Closure))
#14 /home/noshad/Desktop/Laravel-projects/pos-system/vendor/laravel/framework/src/Illuminate/Database/Migrations/Migrator.php(211): Illuminate\\Database\\Migrations\\Migrator->runUp('/home/noshad/De...', 2, false)
#15 /home/noshad/Desktop/Laravel-projects/pos-system/vendor/laravel/framework/src/Illuminate/Database/Migrations/Migrator.php(138): Illuminate\\Database\\Migrations\\Migrator->runPending(Array, Array)
#16 /home/noshad/Desktop/Laravel-projects/pos-system/vendor/laravel/framework/src/Illuminate/Database/Console/Migrations/MigrateCommand.php(118): Illuminate\\Database\\Migrations\\Migrator->run(Array, Array)
#17 /home/noshad/Desktop/Laravel-projects/pos-system/vendor/laravel/framework/src/Illuminate/Database/Migrations/Migrator.php(672): Illuminate\\Database\\Console\\Migrations\\MigrateCommand->{closure:Illuminate\\Database\\Console\\Migrations\\MigrateCommand::runMigrations():111}()
#18 /home/noshad/Desktop/Laravel-projects/pos-system/vendor/laravel/framework/src/Illuminate/Database/Console/Migrations/MigrateCommand.php(111): Illuminate\\Database\\Migrations\\Migrator->usingConnection(NULL, Object(Closure))
#19 /home/noshad/Desktop/Laravel-projects/pos-system/vendor/laravel/framework/src/Illuminate/Database/Console/Migrations/MigrateCommand.php(90): Illuminate\\Database\\Console\\Migrations\\MigrateCommand->runMigrations()
#20 /home/noshad/Desktop/Laravel-projects/pos-system/vendor/laravel/framework/src/Illuminate/Container/BoundMethod.php(36): Illuminate\\Database\\Console\\Migrations\\MigrateCommand->handle()
#21 /home/noshad/Desktop/Laravel-projects/pos-system/vendor/laravel/framework/src/Illuminate/Container/Util.php(43): Illuminate\\Container\\BoundMethod::{closure:Illuminate\\Container\\BoundMethod::call():35}()
#22 /home/noshad/Desktop/Laravel-projects/pos-system/vendor/laravel/framework/src/Illuminate/Container/BoundMethod.php(96): Illuminate\\Container\\Util::unwrapIfClosure(Object(Closure))
#23 /home/noshad/Desktop/Laravel-projects/pos-system/vendor/laravel/framework/src/Illuminate/Container/BoundMethod.php(35): Illuminate\\Container\\BoundMethod::callBoundMethod(Object(Illuminate\\Foundation\\Application), Array, Object(Closure))
#24 /home/noshad/Desktop/Laravel-projects/pos-system/vendor/laravel/framework/src/Illuminate/Container/Container.php(803): Illuminate\\Container\\BoundMethod::call(Object(Illuminate\\Foundation\\Application), Array, Array, NULL)
#25 /home/noshad/Desktop/Laravel-projects/pos-system/vendor/laravel/framework/src/Illuminate/Console/Command.php(292): Illuminate\\Container\\Container->call(Array)
#26 /home/noshad/Desktop/Laravel-projects/pos-system/vendor/symfony/console/Command/Command.php(285): Illuminate\\Console\\Command->execute(Object(Symfony\\Component\\Console\\Input\\ArgvInput), Object(Illuminate\\Console\\OutputStyle))
#27 /home/noshad/Desktop/Laravel-projects/pos-system/vendor/laravel/framework/src/Illuminate/Console/Command.php(261): Symfony\\Component\\Console\\Command\\Command->run(Object(Symfony\\Component\\Console\\Input\\ArgvInput), Object(Illuminate\\Console\\OutputStyle))
#28 /home/noshad/Desktop/Laravel-projects/pos-system/vendor/symfony/console/Application.php(1144): Illuminate\\Console\\Command->run(Object(Symfony\\Component\\Console\\Input\\ArgvInput), Object(Symfony\\Component\\Console\\Output\\ConsoleOutput))
#29 /home/noshad/Desktop/Laravel-projects/pos-system/vendor/symfony/console/Application.php(379): Symfony\\Component\\Console\\Application->doRunCommand(Object(Illuminate\\Database\\Console\\Migrations\\MigrateCommand), Object(Symfony\\Component\\Console\\Input\\ArgvInput), Object(Symfony\\Component\\Console\\Output\\ConsoleOutput))
#30 /home/noshad/Desktop/Laravel-projects/pos-system/vendor/symfony/console/Application.php(218): Symfony\\Component\\Console\\Application->doRun(Object(Symfony\\Component\\Console\\Input\\ArgvInput), Object(Symfony\\Component\\Console\\Output\\ConsoleOutput))
#31 /home/noshad/Desktop/Laravel-projects/pos-system/vendor/laravel/framework/src/Illuminate/Foundation/Console/Kernel.php(198): Symfony\\Component\\Console\\Application->run(Object(Symfony\\Component\\Console\\Input\\ArgvInput), Object(Symfony\\Component\\Console\\Output\\ConsoleOutput))
#32 /home/noshad/Desktop/Laravel-projects/pos-system/artisan(12): Illuminate\\Foundation\\Console\\Kernel->handle(Object(Symfony\\Component\\Console\\Input\\ArgvInput), Object(Symfony\\Component\\Console\\Output\\ConsoleOutput))
#33 {main}

[previous exception] [object] (PDOException(code: 42S01): SQLSTATE[42S01]: Base table or view already exists: 1050 Table 'categories' already exists at /home/noshad/Desktop/Laravel-projects/pos-system/vendor/laravel/framework/src/Illuminate/Database/Connection.php:601)
[stacktrace]
#0 /home/noshad/Desktop/Laravel-projects/pos-system/vendor/laravel/framework/src/Illuminate/Database/Connection.php(601): PDOStatement->execute()
#1 /home/noshad/Desktop/Laravel-projects/pos-system/vendor/laravel/framework/src/Illuminate/Database/Connection.php(846): Illuminate\\Database\\Connection->{closure:Illuminate\\Database\\Connection::statement():590}('create table `c...', Array)
#2 /home/noshad/Desktop/Laravel-projects/pos-system/vendor/laravel/framework/src/Illuminate/Database/Connection.php(813): Illuminate\\Database\\Connection->runQueryCallback('create table `c...', Array, Object(Closure))
#3 /home/noshad/Desktop/Laravel-projects/pos-system/vendor/laravel/framework/src/Illuminate/Database/Connection.php(590): Illuminate\\Database\\Connection->run('create table `c...', Array, Object(Closure))
#4 /home/noshad/Desktop/Laravel-projects/pos-system/vendor/laravel/framework/src/Illuminate/Database/Schema/Blueprint.php(122): Illuminate\\Database\\Connection->statement('create table `c...')
#5 /home/noshad/Desktop/Laravel-projects/pos-system/vendor/laravel/framework/src/Illuminate/Database/Schema/Builder.php(704): Illuminate\\Database\\Schema\\Blueprint->build()
#6 /home/noshad/Desktop/Laravel-projects/pos-system/vendor/laravel/framework/src/Illuminate/Database/Schema/Builder.php(522): Illuminate\\Database\\Schema\\Builder->build(Object(Illuminate\\Database\\Schema\\Blueprint))
#7 /home/noshad/Desktop/Laravel-projects/pos-system/vendor/laravel/framework/src/Illuminate/Support/Facades/Facade.php(364): Illuminate\\Database\\Schema\\Builder->create('categories', Object(Closure))
#8 /home/noshad/Desktop/Laravel-projects/pos-system/database/migrations/0001_01_01_000001_create_categories_table.php(11): Illuminate\\Support\\Facades\\Facade::__callStatic('create', Array)
#9 /home/noshad/Desktop/Laravel-projects/pos-system/vendor/laravel/framework/src/Illuminate/Database/Migrations/Migrator.php(517): Illuminate\\Database\\Migrations\\Migration@anonymous->up()
#10 /home/noshad/Desktop/Laravel-projects/pos-system/vendor/laravel/framework/src/Illuminate/Database/Migrations/Migrator.php(442): Illuminate\\Database\\Migrations\\Migrator->runMethod(Object(Illuminate\\Database\\MySqlConnection), Object(Illuminate\\Database\\Migrations\\Migration@anonymous), 'up')
#11 /home/noshad/Desktop/Laravel-projects/pos-system/vendor/laravel/framework/src/Illuminate/Database/Migrations/Migrator.php(451): Illuminate\\Database\\Migrations\\Migrator->{closure:Illuminate\\Database\\Migrations\\Migrator::runMigration():438}()
#12 /home/noshad/Desktop/Laravel-projects/pos-system/vendor/laravel/framework/src/Illuminate/Database/Migrations/Migrator.php(253): Illuminate\\Database\\Migrations\\Migrator->runMigration(Object(Illuminate\\Database\\Migrations\\Migration@anonymous), 'up', '0001_01_01_0000...')
#13 /home/noshad/Desktop/Laravel-projects/pos-system/vendor/laravel/framework/src/Illuminate/Console/View/Components/Task.php(43): Illuminate\\Database\\Migrations\\Migrator->{closure:Illuminate\\Database\\Migrations\\Migrator::runUp():253}()
#14 /home/noshad/Desktop/Laravel-projects/pos-system/vendor/laravel/framework/src/Illuminate/Database/Migrations/Migrator.php(853): Illuminate\\Console\\View\\Components\\Task->render('0001_01_01_0000...', Object(Closure))
#15 /home/noshad/Desktop/Laravel-projects/pos-system/vendor/laravel/framework/src/Illuminate/Database/Migrations/Migrator.php(253): Illuminate\\Database\\Migrations\\Migrator->write('Illuminate\\\\Cons...', '0001_01_01_0000...', Object(Closure))
#16 /home/noshad/Desktop/Laravel-projects/pos-system/vendor/laravel/framework/src/Illuminate/Database/Migrations/Migrator.php(211): Illuminate\\Database\\Migrations\\Migrator->runUp('/home/noshad/De...', 2, false)
#17 /home/noshad/Desktop/Laravel-projects/pos-system/vendor/laravel/framework/src/Illuminate/Database/Migrations/Migrator.php(138): Illuminate\\Database\\Migrations\\Migrator->runPending(Array, Array)
#18 /home/noshad/Desktop/Laravel-projects/pos-system/vendor/laravel/framework/src/Illuminate/Database/Console/Migrations/MigrateCommand.php(118): Illuminate\\Database\\Migrations\\Migrator->run(Array, Array)
#19 /home/noshad/Desktop/Laravel-projects/pos-system/vendor/laravel/framework/src/Illuminate/Database/Migrations/Migrator.php(672): Illuminate\\Database\\Console\\Migrations\\MigrateCommand->{closure:Illuminate\\Database\\Console\\Migrations\\MigrateCommand::runMigrations():111}()
#20 /home/noshad/Desktop/Laravel-projects/pos-system/vendor/laravel/framework/src/Illuminate/Database/Console/Migrations/MigrateCommand.php(111): Illuminate\\Database\\Migrations\\Migrator->usingConnection(NULL, Object(Closure))
#21 /home/noshad/Desktop/Laravel-projects/pos-system/vendor/laravel/framework/src/Illuminate/Database/Console/Migrations/MigrateCommand.php(90): Illuminate\\Database\\Console\\Migrations\\MigrateCommand->runMigrations()
#22 /home/noshad/Desktop/Laravel-projects/pos-system/vendor/laravel/framework/src/Illuminate/Container/BoundMethod.php(36): Illuminate\\Database\\Console\\Migrations\\MigrateCommand->handle()
#23 /home/noshad/Desktop/Laravel-projects/pos-system/vendor/laravel/framework/src/Illuminate/Container/Util.php(43): Illuminate\\Container\\BoundMethod::{closure:Illuminate\\Container\\BoundMethod::call():35}()
#24 /home/noshad/Desktop/Laravel-projects/pos-system/vendor/laravel/framework/src/Illuminate/Container/BoundMethod.php(96): Illuminate\\Container\\Util::unwrapIfClosure(Object(Closure))
#25 /home/noshad/Desktop/Laravel-projects/pos-system/vendor/laravel/framework/src/Illuminate/Container/BoundMethod.php(35): Illuminate\\Container\\BoundMethod::callBoundMethod(Object(Illuminate\\Foundation\\Application), Array, Object(Closure))
#26 /home/noshad/Desktop/Laravel-projects/pos-system/vendor/laravel/framework/src/Illuminate/Container/Container.php(803): Illuminate\\Container\\BoundMethod::call(Object(Illuminate\\Foundation\\Application), Array, Array, NULL)
#27 /home/noshad/Desktop/Laravel-projects/pos-system/vendor/laravel/framework/src/Illuminate/Console/Command.php(292): Illuminate\\Container\\Container->call(Array)
#28 /home/noshad/Desktop/Laravel-projects/pos-system/vendor/symfony/console/Command/Command.php(285): Illuminate\\Console\\Command->execute(Object(Symfony\\Component\\Console\\Input\\ArgvInput), Object(Illuminate\\Console\\OutputStyle))
#29 /home/noshad/Desktop/Laravel-projects/pos-system/vendor/laravel/framework/src/Illuminate/Console/Command.php(261): Symfony\\Component\\Console\\Command\\Command->run(Object(Symfony\\Component\\Console\\Input\\ArgvInput), Object(Illuminate\\Console\\OutputStyle))
#30 /home/noshad/Desktop/Laravel-projects/pos-system/vendor/symfony/console/Application.php(1144): Illuminate\\Console\\Command->run(Object(Symfony\\Component\\Console\\Input\\ArgvInput), Object(Symfony\\Component\\Console\\Output\\ConsoleOutput))
#31 /home/noshad/Desktop/Laravel-projects/pos-system/vendor/symfony/console/Application.php(379): Symfony\\Component\\Console\\Application->doRunCommand(Object(Illuminate\\Database\\Console\\Migrations\\MigrateCommand), Object(Symfony\\Component\\Console\\Input\\ArgvInput), Object(Symfony\\Component\\Console\\Output\\ConsoleOutput))
#32 /home/noshad/Desktop/Laravel-projects/pos-system/vendor/symfony/console/Application.php(218): Symfony\\Component\\Console\\Application->doRun(Object(Symfony\\Component\\Console\\Input\\ArgvInput), Object(Symfony\\Component\\Console\\Output\\ConsoleOutput))
#33 /home/noshad/Desktop/Laravel-projects/pos-system/vendor/laravel/framework/src/Illuminate/Foundation/Console/Kernel.php(198): Symfony\\Component\\Console\\Application->run(Object(Symfony\\Component\\Console\\Input\\ArgvInput), Object(Symfony\\Component\\Console\\Output\\ConsoleOutput))
#34 /home/noshad/Desktop/Laravel-projects/pos-system/artisan(12): Illuminate\\Foundation\\Console\\Kernel->handle(Object(Symfony\\Component\\Console\\Input\\ArgvInput), Object(Symfony\\Component\\Console\\Output\\ConsoleOutput))
#35 {main}
"} 
[2026-09-28 22:58:39] local.ERROR: SQLSTATE[42S22]: Column not found: 1054 Unknown column 'completed_at' in 'where clause' (Connection: mysql, Host: lerd-mysql, Port: 3306, Database: pos_system, SQL: select count(*) as `aggregate` from `orders` where `status` in (completed, refunded) and `completed_at` between 2026-09-28 00:00:00 and 2026-09-28 23:59:59) {"userId":2,"exception":"[object] (Illuminate\\Database\\QueryException(code: 42S22): SQLSTATE[42S22]: Column not found: 1054 Unknown column 'completed_at' in 'where clause' (Connection: mysql, Host: lerd-mysql, Port: 3306, Database: pos_system, SQL: select count(*) as `aggregate` from `orders` where `status` in (completed, refunded) and `completed_at` between 2026-09-28 00:00:00 and 2026-09-28 23:59:59) at /home/noshad/Desktop/Laravel-projects/pos-system/vendor/laravel/framework/src/Illuminate/Database/Connection.php:857)
[stacktrace]
#0 /home/noshad/Desktop/Laravel-projects/pos-system/vendor/laravel/framework/src/Illuminate/Database/Connection.php(813): Illuminate\\Database\\Connection->runQueryCallback('select count(*)...', Array, Object(Closure))
#1 /home/noshad/Desktop/Laravel-projects/pos-system/vendor/laravel/framework/src/Illuminate/Database/Connection.php(426): Illuminate\\Database\\Connection->run('select count(*)...', Array, Object(Closure))
#2 /home/noshad/Desktop/Laravel-projects/pos-system/vendor/laravel/framework/src/Illuminate/Database/Query/Builder.php(3631): Illuminate\\Database\\Connection->select('select count(*)...', Array, true, Array)
#3 /home/noshad/Desktop/Laravel-projects/pos-system/vendor/laravel/framework/src/Illuminate/Database/Query/Builder.php(3615): Illuminate\\Database\\Query\\Builder->runSelect()
#4 /home/noshad/Desktop/Laravel-projects/pos-system/vendor/laravel/framework/src/Illuminate/Database/Query/Builder.php(4131): Illuminate\\Database\\Query\\Builder->get(Array)
#5 /home/noshad/Desktop/Laravel-projects/pos-system/vendor/laravel/framework/src/Illuminate/Database/Query/Builder.php(4059): Illuminate\\Database\\Query\\Builder->aggregate('count', Array)
#6 /home/noshad/Desktop/Laravel-projects/pos-system/vendor/laravel/framework/src/Illuminate/Database/Eloquent/Builder.php(2336): Illuminate\\Database\\Query\\Builder->count()
#7 /home/noshad/Desktop/Laravel-projects/pos-system/app/Services/ReportService.php(27): Illuminate\\Database\\Eloquent\\Builder->__call('count', Array)
#8 /home/noshad/Desktop/Laravel-projects/pos-system/app/Http/Controllers/DashboardController.php(16): App\\Services\\ReportService->summary(Object(Illuminate\\Support\\Carbon), Object(Illuminate\\Support\\Carbon))
#9 /home/noshad/Desktop/Laravel-projects/pos-system/vendor/laravel/framework/src/Illuminate/Routing/ControllerDispatcher.php(46): App\\Http\\Controllers\\DashboardController->__invoke(Object(App\\Services\\ReportService))
#10 /home/noshad/Desktop/Laravel-projects/pos-system/vendor/laravel/framework/src/Illuminate/Routing/Route.php(276): Illuminate\\Routing\\ControllerDispatcher->dispatch(Object(Illuminate\\Routing\\Route), Object(App\\Http\\Controllers\\DashboardController), '__invoke')
#11 /home/noshad/Desktop/Laravel-projects/pos-system/vendor/laravel/framework/src/Illuminate/Routing/Route.php(216): Illuminate\\Routing\\Route->runController()
#12 /home/noshad/Desktop/Laravel-projects/pos-system/vendor/laravel/framework/src/Illuminate/Routing/Router.php(822): Illuminate\\Routing\\Route->run()
#13 /home/noshad/Desktop/Laravel-projects/pos-system/vendor/laravel/framework/src/Illuminate/Pipeline/Pipeline.php(180): Illuminate\\Routing\\Router->{closure:Illuminate\\Routing\\Router::runRouteWithinStack():821}(Object(Illuminate\\Http\\Request))
#14 /home/noshad/Desktop/Laravel-projects/pos-system/vendor/laravel/framework/src/Illuminate/Routing/Middleware/SubstituteBindings.php(52): Illuminate\\Pipeline\\Pipeline->{closure:Illuminate\\Pipeline\\Pipeline::prepareDestination():178}(Object(Illuminate\\Http\\Request))
#15 /home/noshad/Desktop/Laravel-projects/pos-system/vendor/laravel/framework/src/Illuminate/Pipeline/Pipeline.php(219): Illuminate\\Routing\\Middleware\\SubstituteBindings->handle(Object(Illuminate\\Http\\Request), Object(Closure))
#16 /home/noshad/Desktop/Laravel-projects/pos-system/vendor/laravel/framework/src/Illuminate/Auth/Middleware/Authenticate.php(63): Illuminate\\Pipeline\\Pipeline->{closure:{closure:Illuminate\\Pipeline\\Pipeline::carry():194}:195}(Object(Illuminate\\Http\\Request))
#17 /home/noshad/Desktop/Laravel-projects/pos-system/vendor/laravel/framework/src/Illuminate/Pipeline/Pipeline.php(219): Illuminate\\Auth\\Middleware\\Authenticate->handle(Object(Illuminate\\Http\\Request), Object(Closure))
#18 /home/noshad/Desktop/Laravel-projects/pos-system/vendor/laravel/framework/src/Illuminate/Foundation/Http/Middleware/PreventRequestForgery.php(104): Illuminate\\Pipeline\\Pipeline->{closure:{closure:Illuminate\\Pipeline\\Pipeline::carry():194}:195}(Object(Illuminate\\Http\\Request))
#19 /home/noshad/Desktop/Laravel-projects/pos-system/vendor/laravel/framework/src/Illuminate/Pipeline/Pipeline.php(219): Illuminate\\Foundation\\Http\\Middleware\\PreventRequestForgery->handle(Object(Illuminate\\Http\\Request), Object(Closure))
#20 /home/noshad/Desktop/Laravel-projects/pos-system/vendor/laravel/framework/src/Illuminate/View/Middleware/ShareErrorsFromSession.php(48): Illuminate\\Pipeline\\Pipeline->{closure:{closure:Illuminate\\Pipeline\\Pipeline::carry():194}:195}(Object(Illuminate\\Http\\Request))
#21 /home/noshad/Desktop/Laravel-projects/pos-system/vendor/laravel/framework/src/Illuminate/Pipeline/Pipeline.php(219): Illuminate\\View\\Middleware\\ShareErrorsFromSession->handle(Object(Illuminate\\Http\\Request), Object(Closure))
#22 /home/noshad/Desktop/Laravel-projects/pos-system/vendor/laravel/framework/src/Illuminate/Session/Middleware/StartSession.php(120): Illuminate\\Pipeline\\Pipeline->{closure:{closure:Illuminate\\Pipeline\\Pipeline::carry():194}:195}(Object(Illuminate\\Http\\Request))
#23 /home/noshad/Desktop/Laravel-projects/pos-system/vendor/laravel/framework/src/Illuminate/Session/Middleware/StartSession.php(63): Illuminate\\Session\\Middleware\\StartSession->handleStatefulRequest(Object(Illuminate\\Http\\Request), Object(Illuminate\\Session\\Store), Object(Closure))
#24 /home/noshad/Desktop/Laravel-projects/pos-system/vendor/laravel/framework/src/Illuminate/Pipeline/Pipeline.php(219): Illuminate\\Session\\Middleware\\StartSession->handle(Object(Illuminate\\Http\\Request), Object(Closure))
#25 /home/noshad/Desktop/Laravel-projects/pos-system/vendor/laravel/framework/src/Illuminate/Cookie/Middleware/AddQueuedCookiesToResponse.php(36): Illuminate\\Pipeline\\Pipeline->{closure:{closure:Illuminate\\Pipeline\\Pipeline::carry():194}:195}(Object(Illuminate\\Http\\Request))
#26 /home/noshad/Desktop/Laravel-projects/pos-system/vendor/laravel/framework/src/Illuminate/Pipeline/Pipeline.php(219): Illuminate\\Cookie\\Middleware\\AddQueuedCookiesToResponse->handle(Object(Illuminate\\Http\\Request), Object(Closure))
#27 /home/noshad/Desktop/Laravel-projects/pos-system/vendor/laravel/framework/src/Illuminate/Cookie/Middleware/EncryptCookies.php(74): Illuminate\\Pipeline\\Pipeline->{closure:{closure:Illuminate\\Pipeline\\Pipeline::carry():194}:195}(Object(Illuminate\\Http\\Request))
#28 /home/noshad/Desktop/Laravel-projects/pos-system/vendor/laravel/framework/src/Illuminate/Pipeline/Pipeline.php(219): Illuminate\\Cookie\\Middleware\\EncryptCookies->handle(Object(Illuminate\\Http\\Request), Object(Closure))
#29 /home/noshad/Desktop/Laravel-projects/pos-system/vendor/laravel/framework/src/Illuminate/Pipeline/Pipeline.php(137): Illuminate\\Pipeline\\Pipeline->{closure:{closure:Illuminate\\Pipeline\\Pipeline::carry():194}:195}(Object(Illuminate\\Http\\Request))
#30 /home/noshad/Desktop/Laravel-projects/pos-system/vendor/laravel/framework/src/Illuminate/Routing/Router.php(821): Illuminate\\Pipeline\\Pipeline->then(Object(Closure))
#31 /home/noshad/Desktop/Laravel-projects/pos-system/vendor/laravel/framework/src/Illuminate/Routing/Router.php(800): Illuminate\\Routing\\Router->runRouteWithinStack(Object(Illuminate\\Routing\\Route), Object(Illuminate\\Http\\Request))
#32 /home/noshad/Desktop/Laravel-projects/pos-system/vendor/laravel/framework/src/Illuminate/Routing/Router.php(764): Illuminate\\Routing\\Router->runRoute(Object(Illuminate\\Http\\Request), Object(Illuminate\\Routing\\Route))
#33 /home/noshad/Desktop/Laravel-projects/pos-system/vendor/laravel/framework/src/Illuminate/Routing/Router.php(753): Illuminate\\Routing\\Router->dispatchToRoute(Object(Illuminate\\Http\\Request))
#34 /home/noshad/Desktop/Laravel-projects/pos-system/vendor/laravel/framework/src/Illuminate/Foundation/Http/Kernel.php(200): Illuminate\\Routing\\Router->dispatch(Object(Illuminate\\Http\\Request))
#35 /home/noshad/Desktop/Laravel-projects/pos-system/vendor/laravel/framework/src/Illuminate/Pipeline/Pipeline.php(180): Illuminate\\Foundation\\Http\\Kernel->{closure:Illuminate\\Foundation\\Http\\Kernel::dispatchToRouter():197}(Object(Illuminate\\Http\\Request))
#36 /home/noshad/Desktop/Laravel-projects/pos-system/vendor/laravel/framework/src/Illuminate/Foundation/Http/Middleware/TransformsRequest.php(21): Illuminate\\Pipeline\\Pipeline->{closure:Illuminate\\Pipeline\\Pipeline::prepareDestination():178}(Object(Illuminate\\Http\\Request))
#37 /home/noshad/Desktop/Laravel-projects/pos-system/vendor/laravel/framework/src/Illuminate/Foundation/Http/Middleware/ConvertEmptyStringsToNull.php(31): Illuminate\\Foundation\\Http\\Middleware\\TransformsRequest->handle(Object(Illuminate\\Http\\Request), Object(Closure))
#38 /home/noshad/Desktop/Laravel-projects/pos-system/vendor/laravel/framework/src/Illuminate/Pipeline/Pipeline.php(219): Illuminate\\Foundation\\Http\\Middleware\\ConvertEmptyStringsToNull->handle(Object(Illuminate\\Http\\Request), Object(Closure))
#39 /home/noshad/Desktop/Laravel-projects/pos-system/vendor/laravel/framework/src/Illuminate/Foundation/Http/Middleware/TransformsRequest.php(21): Illuminate\\Pipeline\\Pipeline->{closure:{closure:Illuminate\\Pipeline\\Pipeline::carry():194}:195}(Object(Illuminate\\Http\\Request))
#40 /home/noshad/Desktop/Laravel-projects/pos-system/vendor/laravel/framework/src/Illuminate/Foundation/Http/Middleware/TrimStrings.php(51): Illuminate\\Foundation\\Http\\Middleware\\TransformsRequest->handle(Object(Illuminate\\Http\\Request), Object(Closure))
#41 /home/noshad/Desktop/Laravel-projects/pos-system/vendor/laravel/framework/src/Illuminate/Pipeline/Pipeline.php(219): Illuminate\\Foundation\\Http\\Middleware\\TrimStrings->handle(Object(Illuminate\\Http\\Request), Object(Closure))
#42 /home/noshad/Desktop/Laravel-projects/pos-system/vendor/laravel/framework/src/Illuminate/Http/Middleware/ValidatePostSize.php(27): Illuminate\\Pipeline\\Pipeline->{closure:{closure:Illuminate\\Pipeline\\Pipeline::carry():194}:195}(Object(Illuminate\\Http\\Request))
#43 /home/noshad/Desktop/Laravel-projects/pos-system/vendor/laravel/framework/src/Illuminate/Pipeline/Pipeline.php(219): Illuminate\\Http\\Middleware\\ValidatePostSize->handle(Object(Illuminate\\Http\\Request), Object(Closure))
#44 /home/noshad/Desktop/Laravel-projects/pos-system/vendor/laravel/framework/src/Illuminate/Foundation/Http/Middleware/PreventRequestsDuringMaintenance.php(110): Illuminate\\Pipeline\\Pipeline->{closure:{closure:Illuminate\\Pipeline\\Pipeline::carry():194}:195}(Object(Illuminate\\Http\\Request))
#45 /home/noshad/Desktop/Laravel-projects/pos-system/vendor/laravel/framework/src/Illuminate/Pipeline/Pipeline.php(219): Illuminate\\Foundation\\Http\\Middleware\\PreventRequestsDuringMaintenance->handle(Object(Illuminate\\Http\\Request), Object(Closure))
#46 /home/noshad/Desktop/Laravel-projects/pos-system/vendor/laravel/framework/src/Illuminate/Http/Middleware/HandleCors.php(61): Illuminate\\Pipeline\\Pipeline->{closure:{closure:Illuminate\\Pipeline\\Pipeline::carry():194}:195}(Object(Illuminate\\Http\\Request))
#47 /home/noshad/Desktop/Laravel-projects/pos-system/vendor/laravel/framework/src/Illuminate/Pipeline/Pipeline.php(219): Illuminate\\Http\\Middleware\\HandleCors->handle(Object(Illuminate\\Http\\Request), Object(Closure))
#48 /home/noshad/Desktop/Laravel-projects/pos-system/vendor/laravel/framework/src/Illuminate/Http/Middleware/TrustProxies.php(58): Illuminate\\Pipeline\\Pipeline->{closure:{closure:Illuminate\\Pipeline\\Pipeline::carry():194}:195}(Object(Illuminate\\Http\\Request))
#49 /home/noshad/Desktop/Laravel-projects/pos-system/vendor/laravel/framework/src/Illuminate/Pipeline/Pipeline.php(219): Illuminate\\Http\\Middleware\\TrustProxies->handle(Object(Illuminate\\Http\\Request), Object(Closure))
#50 /home/noshad/Desktop/Laravel-projects/pos-system/vendor/laravel/framework/src/Illuminate/Pipeline/Pipeline.php(137): Illuminate\\Pipeline\\Pipeline->{closure:{closure:Illuminate\\Pipeline\\Pipeline::carry():194}:195}(Object(Illuminate\\Http\\Request))
#51 /home/noshad/Desktop/Laravel-projects/pos-system/vendor/laravel/framework/src/Illuminate/Foundation/Http/Kernel.php(175): Illuminate\\Pipeline\\Pipeline->then(Object(Closure))
#52 /home/noshad/Desktop/Laravel-projects/pos-system/vendor/laravel/framework/src/Illuminate/Foundation/Http/Kernel.php(144): Illuminate\\Foundation\\Http\\Kernel->sendRequestThroughRouter(Object(Illuminate\\Http\\Request))
#53 /home/noshad/Desktop/Laravel-projects/pos-system/public/index.php(18): Illuminate\\Foundation\\Http\\Kernel->handle(Object(Illuminate\\Http\\Request))
#54 {main}

[previous exception] [object] (PDOException(code: 42S22): SQLSTATE[42S22]: Column not found: 1054 Unknown column 'completed_at' in 'where clause' at /home/noshad/Desktop/Laravel-projects/pos-system/vendor/laravel/framework/src/Illuminate/Database/Connection.php:435)
[stacktrace]
#0 /home/noshad/Desktop/Laravel-projects/pos-system/vendor/laravel/framework/src/Illuminate/Database/Connection.php(435): PDO->prepare('select count(*)...')
#1 /home/noshad/Desktop/Laravel-projects/pos-system/vendor/laravel/framework/src/Illuminate/Database/Connection.php(846): Illuminate\\Database\\Connection->{closure:Illuminate\\Database\\Connection::select():426}('select count(*)...', Array)
#2 /home/noshad/Desktop/Laravel-projects/pos-system/vendor/laravel/framework/src/Illuminate/Database/Connection.php(813): Illuminate\\Database\\Connection->runQueryCallback('select count(*)...', Array, Object(Closure))
#3 /home/noshad/Desktop/Laravel-projects/pos-system/vendor/laravel/framework/src/Illuminate/Database/Connection.php(426): Illuminate\\Database\\Connection->run('select count(*)...', Array, Object(Closure))
#4 /home/noshad/Desktop/Laravel-projects/pos-system/vendor/laravel/framework/src/Illuminate/Database/Query/Builder.php(3631): Illuminate\\Database\\Connection->select('select count(*)...', Array, true, Array)
#5 /home/noshad/Desktop/Laravel-projects/pos-system/vendor/laravel/framework/src/Illuminate/Database/Query/Builder.php(3615): Illuminate\\Database\\Query\\Builder->runSelect()
#6 /home/noshad/Desktop/Laravel-projects/pos-system/vendor/laravel/framework/src/Illuminate/Database/Query/Builder.php(4131): Illuminate\\Database\\Query\\Builder->get(Array)
#7 /home/noshad/Desktop/Laravel-projects/pos-system/vendor/laravel/framework/src/Illuminate/Database/Query/Builder.php(4059): Illuminate\\Database\\Query\\Builder->aggregate('count', Array)
#8 /home/noshad/Desktop/Laravel-projects/pos-system/vendor/laravel/framework/src/Illuminate/Database/Eloquent/Builder.php(2336): Illuminate\\Database\\Query\\Builder->count()
#9 /home/noshad/Desktop/Laravel-projects/pos-system/app/Services/ReportService.php(27): Illuminate\\Database\\Eloquent\\Builder->__call('count', Array)
#10 /home/noshad/Desktop/Laravel-projects/pos-system/app/Http/Controllers/DashboardController.php(16): App\\Services\\ReportService->summary(Object(Illuminate\\Support\\Carbon), Object(Illuminate\\Support\\Carbon))
#11 /home/noshad/Desktop/Laravel-projects/pos-system/vendor/laravel/framework/src/Illuminate/Routing/ControllerDispatcher.php(46): App\\Http\\Controllers\\DashboardController->__invoke(Object(App\\Services\\ReportService))
#12 /home/noshad/Desktop/Laravel-projects/pos-system/vendor/laravel/framework/src/Illuminate/Routing/Route.php(276): Illuminate\\Routing\\ControllerDispatcher->dispatch(Object(Illuminate\\Routing\\Route), Object(App\\Http\\Controllers\\DashboardController), '__invoke')
#13 /home/noshad/Desktop/Laravel-projects/pos-system/vendor/laravel/framework/src/Illuminate/Routing/Route.php(216): Illuminate\\Routing\\Route->runController()
#14 /home/noshad/Desktop/Laravel-projects/pos-system/vendor/laravel/framework/src/Illuminate/Routing/Router.php(822): Illuminate\\Routing\\Route->run()
#15 /home/noshad/Desktop/Laravel-projects/pos-system/vendor/laravel/framework/src/Illuminate/Pipeline/Pipeline.php(180): Illuminate\\Routing\\Router->{closure:Illuminate\\Routing\\Router::runRouteWithinStack():821}(Object(Illuminate\\Http\\Request))
#16 /home/noshad/Desktop/Laravel-projects/pos-system/vendor/laravel/framework/src/Illuminate/Routing/Middleware/SubstituteBindings.php(52): Illuminate\\Pipeline\\Pipeline->{closure:Illuminate\\Pipeline\\Pipeline::prepareDestination():178}(Object(Illuminate\\Http\\Request))
#17 /home/noshad/Desktop/Laravel-projects/pos-system/vendor/laravel/framework/src/Illuminate/Pipeline/Pipeline.php(219): Illuminate\\Routing\\Middleware\\SubstituteBindings->handle(Object(Illuminate\\Http\\Request), Object(Closure))
#18 /home/noshad/Desktop/Laravel-projects/pos-system/vendor/laravel/framework/src/Illuminate/Auth/Middleware/Authenticate.php(63): Illuminate\\Pipeline\\Pipeline->{closure:{closure:Illuminate\\Pipeline\\Pipeline::carry():194}:195}(Object(Illuminate\\Http\\Request))
#19 /home/noshad/Desktop/Laravel-projects/pos-system/vendor/laravel/framework/src/Illuminate/Pipeline/Pipeline.php(219): Illuminate\\Auth\\Middleware\\Authenticate->handle(Object(Illuminate\\Http\\Request), Object(Closure))
#20 /home/noshad/Desktop/Laravel-projects/pos-system/vendor/laravel/framework/src/Illuminate/Foundation/Http/Middleware/PreventRequestForgery.php(104): Illuminate\\Pipeline\\Pipeline->{closure:{closure:Illuminate\\Pipeline\\Pipeline::carry():194}:195}(Object(Illuminate\\Http\\Request))
#21 /home/noshad/Desktop/Laravel-projects/pos-system/vendor/laravel/framework/src/Illuminate/Pipeline/Pipeline.php(219): Illuminate\\Foundation\\Http\\Middleware\\PreventRequestForgery->handle(Object(Illuminate\\Http\\Request), Object(Closure))
#22 /home/noshad/Desktop/Laravel-projects/pos-system/vendor/laravel/framework/src/Illuminate/View/Middleware/ShareErrorsFromSession.php(48): Illuminate\\Pipeline\\Pipeline->{closure:{closure:Illuminate\\Pipeline\\Pipeline::carry():194}:195}(Object(Illuminate\\Http\\Request))
#23 /home/noshad/Desktop/Laravel-projects/pos-system/vendor/laravel/framework/src/Illuminate/Pipeline/Pipeline.php(219): Illuminate\\View\\Middleware\\ShareErrorsFromSession->handle(Object(Illuminate\\Http\\Request), Object(Closure))
#24 /home/noshad/Desktop/Laravel-projects/pos-system/vendor/laravel/framework/src/Illuminate/Session/Middleware/StartSession.php(120): Illuminate\\Pipeline\\Pipeline->{closure:{closure:Illuminate\\Pipeline\\Pipeline::carry():194}:195}(Object(Illuminate\\Http\\Request))
#25 /home/noshad/Desktop/Laravel-projects/pos-system/vendor/laravel/framework/src/Illuminate/Session/Middleware/StartSession.php(63): Illuminate\\Session\\Middleware\\StartSession->handleStatefulRequest(Object(Illuminate\\Http\\Request), Object(Illuminate\\Session\\Store), Object(Closure))
#26 /home/noshad/Desktop/Laravel-projects/pos-system/vendor/laravel/framework/src/Illuminate/Pipeline/Pipeline.php(219): Illuminate\\Session\\Middleware\\StartSession->handle(Object(Illuminate\\Http\\Request), Object(Closure))
#27 /home/noshad/Desktop/Laravel-projects/pos-system/vendor/laravel/framework/src/Illuminate/Cookie/Middleware/AddQueuedCookiesToResponse.php(36): Illuminate\\Pipeline\\Pipeline->{closure:{closure:Illuminate\\Pipeline\\Pipeline::carry():194}:195}(Object(Illuminate\\Http\\Request))
#28 /home/noshad/Desktop/Laravel-projects/pos-system/vendor/laravel/framework/src/Illuminate/Pipeline/Pipeline.php(219): Illuminate\\Cookie\\Middleware\\AddQueuedCookiesToResponse->handle(Object(Illuminate\\Http\\Request), Object(Closure))
#29 /home/noshad/Desktop/Laravel-projects/pos-system/vendor/laravel/framework/src/Illuminate/Cookie/Middleware/EncryptCookies.php(74): Illuminate\\Pipeline\\Pipeline->{closure:{closure:Illuminate\\Pipeline\\Pipeline::carry():194}:195}(Object(Illuminate\\Http\\Request))
#30 /home/noshad/Desktop/Laravel-projects/pos-system/vendor/laravel/framework/src/Illuminate/Pipeline/Pipeline.php(219): Illuminate\\Cookie\\Middleware\\EncryptCookies->handle(Object(Illuminate\\Http\\Request), Object(Closure))
#31 /home/noshad/Desktop/Laravel-projects/pos-system/vendor/laravel/framework/src/Illuminate/Pipeline/Pipeline.php(137): Illuminate\\Pipeline\\Pipeline->{closure:{closure:Illuminate\\Pipeline\\Pipeline::carry():194}:195}(Object(Illuminate\\Http\\Request))
#32 /home/noshad/Desktop/Laravel-projects/pos-system/vendor/laravel/framework/src/Illuminate/Routing/Router.php(821): Illuminate\\Pipeline\\Pipeline->then(Object(Closure))
#33 /home/noshad/Desktop/Laravel-projects/pos-system/vendor/laravel/framework/src/Illuminate/Routing/Router.php(800): Illuminate\\Routing\\Router->runRouteWithinStack(Object(Illuminate\\Routing\\Route), Object(Illuminate\\Http\\Request))
#34 /home/noshad/Desktop/Laravel-projects/pos-system/vendor/laravel/framework/src/Illuminate/Routing/Router.php(764): Illuminate\\Routing\\Router->runRoute(Object(Illuminate\\Http\\Request), Object(Illuminate\\Routing\\Route))
#35 /home/noshad/Desktop/Laravel-projects/pos-system/vendor/laravel/framework/src/Illuminate/Routing/Router.php(753): Illuminate\\Routing\\Router->dispatchToRoute(Object(Illuminate\\Http\\Request))
#36 /home/noshad/Desktop/Laravel-projects/pos-system/vendor/laravel/framework/src/Illuminate/Foundation/Http/Kernel.php(200): Illuminate\\Routing\\Router->dispatch(Object(Illuminate\\Http\\Request))
#37 /home/noshad/Desktop/Laravel-projects/pos-system/vendor/laravel/framework/src/Illuminate/Pipeline/Pipeline.php(180): Illuminate\\Foundation\\Http\\Kernel->{closure:Illuminate\\Foundation\\Http\\Kernel::dispatchToRouter():197}(Object(Illuminate\\Http\\Request))
#38 /home/noshad/Desktop/Laravel-projects/pos-system/vendor/laravel/framework/src/Illuminate/Foundation/Http/Middleware/TransformsRequest.php(21): Illuminate\\Pipeline\\Pipeline->{closure:Illuminate\\Pipeline\\Pipeline::prepareDestination():178}(Object(Illuminate\\Http\\Request))
#39 /home/noshad/Desktop/Laravel-projects/pos-system/vendor/laravel/framework/src/Illuminate/Foundation/Http/Middleware/ConvertEmptyStringsToNull.php(31): Illuminate\\Foundation\\Http\\Middleware\\TransformsRequest->handle(Object(Illuminate\\Http\\Request), Object(Closure))
#40 /home/noshad/Desktop/Laravel-projects/pos-system/vendor/laravel/framework/src/Illuminate/Pipeline/Pipeline.php(219): Illuminate\\Foundation\\Http\\Middleware\\ConvertEmptyStringsToNull->handle(Object(Illuminate\\Http\\Request), Object(Closure))
#41 /home/noshad/Desktop/Laravel-projects/pos-system/vendor/laravel/framework/src/Illuminate/Foundation/Http/Middleware/TransformsRequest.php(21): Illuminate\\Pipeline\\Pipeline->{closure:{closure:Illuminate\\Pipeline\\Pipeline::carry():194}:195}(Object(Illuminate\\Http\\Request))
#42 /home/noshad/Desktop/Laravel-projects/pos-system/vendor/laravel/framework/src/Illuminate/Foundation/Http/Middleware/TrimStrings.php(51): Illuminate\\Foundation\\Http\\Middleware\\TransformsRequest->handle(Object(Illuminate\\Http\\Request), Object(Closure))
#43 /home/noshad/Desktop/Laravel-projects/pos-system/vendor/laravel/framework/src/Illuminate/Pipeline/Pipeline.php(219): Illuminate\\Foundation\\Http\\Middleware\\TrimStrings->handle(Object(Illuminate\\Http\\Request), Object(Closure))
#44 /home/noshad/Desktop/Laravel-projects/pos-system/vendor/laravel/framework/src/Illuminate/Http/Middleware/ValidatePostSize.php(27): Illuminate\\Pipeline\\Pipeline->{closure:{closure:Illuminate\\Pipeline\\Pipeline::carry():194}:195}(Object(Illuminate\\Http\\Request))
#45 /home/noshad/Desktop/Laravel-projects/pos-system/vendor/laravel/framework/src/Illuminate/Pipeline/Pipeline.php(219): Illuminate\\Http\\Middleware\\ValidatePostSize->handle(Object(Illuminate\\Http\\Request), Object(Closure))
#46 /home/noshad/Desktop/Laravel-projects/pos-system/vendor/laravel/framework/src/Illuminate/Foundation/Http/Middleware/PreventRequestsDuringMaintenance.php(110): Illuminate\\Pipeline\\Pipeline->{closure:{closure:Illuminate\\Pipeline\\Pipeline::carry():194}:195}(Object(Illuminate\\Http\\Request))
#47 /home/noshad/Desktop/Laravel-projects/pos-system/vendor/laravel/framework/src/Illuminate/Pipeline/Pipeline.php(219): Illuminate\\Foundation\\Http\\Middleware\\PreventRequestsDuringMaintenance->handle(Object(Illuminate\\Http\\Request), Object(Closure))
#48 /home/noshad/Desktop/Laravel-projects/pos-system/vendor/laravel/framework/src/Illuminate/Http/Middleware/HandleCors.php(61): Illuminate\\Pipeline\\Pipeline->{closure:{closure:Illuminate\\Pipeline\\Pipeline::carry():194}:195}(Object(Illuminate\\Http\\Request))
#49 /home/noshad/Desktop/Laravel-projects/pos-system/vendor/laravel/framework/src/Illuminate/Pipeline/Pipeline.php(219): Illuminate\\Http\\Middleware\\HandleCors->handle(Object(Illuminate\\Http\\Request), Object(Closure))
#50 /home/noshad/Desktop/Laravel-projects/pos-system/vendor/laravel/framework/src/Illuminate/Http/Middleware/TrustProxies.php(58): Illuminate\\Pipeline\\Pipeline->{closure:{closure:Illuminate\\Pipeline\\Pipeline::carry():194}:195}(Object(Illuminate\\Http\\Request))
#51 /home/noshad/Desktop/Laravel-projects/pos-system/vendor/laravel/framework/src/Illuminate/Pipeline/Pipeline.php(219): Illuminate\\Http\\Middleware\\TrustProxies->handle(Object(Illuminate\\Http\\Request), Object(Closure))
#52 /home/noshad/Desktop/Laravel-projects/pos-system/vendor/laravel/framework/src/Illuminate/Pipeline/Pipeline.php(137): Illuminate\\Pipeline\\Pipeline->{closure:{closure:Illuminate\\Pipeline\\Pipeline::carry():194}:195}(Object(Illuminate\\Http\\Request))
#53 /home/noshad/Desktop/Laravel-projects/pos-system/vendor/laravel/framework/src/Illuminate/Foundation/Http/Kernel.php(175): Illuminate\\Pipeline\\Pipeline->then(Object(Closure))
#54 /home/noshad/Desktop/Laravel-projects/pos-system/vendor/laravel/framework/src/Illuminate/Foundation/Http/Kernel.php(144): Illuminate\\Foundation\\Http\\Kernel->sendRequestThroughRouter(Object(Illuminate\\Http\\Request))
#55 /home/noshad/Desktop/Laravel-projects/pos-system/public/index.php(18): Illuminate\\Foundation\\Http\\Kernel->handle(Object(Illuminate\\Http\\Request))
#56 {main}
"} 
[2026-09-28 23:01:56] local.ERROR: View [orders.history] not found. {"userId":2,"exception":"[object] (InvalidArgumentException(code: 0): View [orders.history] not found. at /home/noshad/Desktop/Laravel-projects/pos-system/vendor/laravel/framework/src/Illuminate/View/FileViewFinder.php:138)
[stacktrace]
#0 /home/noshad/Desktop/Laravel-projects/pos-system/vendor/laravel/framework/src/Illuminate/View/FileViewFinder.php(78): Illuminate\\View\\FileViewFinder->findInPaths('orders.history', Array)
#1 /home/noshad/Desktop/Laravel-projects/pos-system/vendor/laravel/framework/src/Illuminate/View/Factory.php(150): Illuminate\\View\\FileViewFinder->find('orders.history')
#2 /home/noshad/Desktop/Laravel-projects/pos-system/vendor/laravel/framework/src/Illuminate/Foundation/helpers.php(1101): Illuminate\\View\\Factory->make('orders.history', Array, Array)
#3 /home/noshad/Desktop/Laravel-projects/pos-system/app/Http/Controllers/OrderController.php(152): view('orders.history', Array)
#4 /home/noshad/Desktop/Laravel-projects/pos-system/vendor/laravel/framework/src/Illuminate/Routing/ControllerDispatcher.php(46): App\\Http\\Controllers\\OrderController->history(Object(Illuminate\\Http\\Request))
#5 /home/noshad/Desktop/Laravel-projects/pos-system/vendor/laravel/framework/src/Illuminate/Routing/Route.php(276): Illuminate\\Routing\\ControllerDispatcher->dispatch(Object(Illuminate\\Routing\\Route), Object(App\\Http\\Controllers\\OrderController), 'history')
#6 /home/noshad/Desktop/Laravel-projects/pos-system/vendor/laravel/framework/src/Illuminate/Routing/Route.php(216): Illuminate\\Routing\\Route->runController()
#7 /home/noshad/Desktop/Laravel-projects/pos-system/vendor/laravel/framework/src/Illuminate/Routing/Router.php(822): Illuminate\\Routing\\Route->run()
#8 /home/noshad/Desktop/Laravel-projects/pos-system/vendor/laravel/framework/src/Illuminate/Pipeline/Pipeline.php(180): Illuminate\\Routing\\Router->{closure:Illuminate\\Routing\\Router::runRouteWithinStack():821}(Object(Illuminate\\Http\\Request))
#9 /home/noshad/Desktop/Laravel-projects/pos-system/vendor/laravel/framework/src/Illuminate/Routing/Middleware/SubstituteBindings.php(52): Illuminate\\Pipeline\\Pipeline->{closure:Illuminate\\Pipeline\\Pipeline::prepareDestination():178}(Object(Illuminate\\Http\\Request))
#10 /home/noshad/Desktop/Laravel-projects/pos-system/vendor/laravel/framework/src/Illuminate/Pipeline/Pipeline.php(219): Illuminate\\Routing\\Middleware\\SubstituteBindings->handle(Object(Illuminate\\Http\\Request), Object(Closure))
#11 /home/noshad/Desktop/Laravel-projects/pos-system/vendor/laravel/framework/src/Illuminate/Auth/Middleware/Authenticate.php(63): Illuminate\\Pipeline\\Pipeline->{closure:{closure:Illuminate\\Pipeline\\Pipeline::carry():194}:195}(Object(Illuminate\\Http\\Request))
#12 /home/noshad/Desktop/Laravel-projects/pos-system/vendor/laravel/framework/src/Illuminate/Pipeline/Pipeline.php(219): Illuminate\\Auth\\Middleware\\Authenticate->handle(Object(Illuminate\\Http\\Request), Object(Closure))
#13 /home/noshad/Desktop/Laravel-projects/pos-system/vendor/laravel/framework/src/Illuminate/Foundation/Http/Middleware/PreventRequestForgery.php(104): Illuminate\\Pipeline\\Pipeline->{closure:{closure:Illuminate\\Pipeline\\Pipeline::carry():194}:195}(Object(Illuminate\\Http\\Request))
#14 /home/noshad/Desktop/Laravel-projects/pos-system/vendor/laravel/framework/src/Illuminate/Pipeline/Pipeline.php(219): Illuminate\\Foundation\\Http\\Middleware\\PreventRequestForgery->handle(Object(Illuminate\\Http\\Request), Object(Closure))
#15 /home/noshad/Desktop/Laravel-projects/pos-system/vendor/laravel/framework/src/Illuminate/View/Middleware/ShareErrorsFromSession.php(48): Illuminate\\Pipeline\\Pipeline->{closure:{closure:Illuminate\\Pipeline\\Pipeline::carry():194}:195}(Object(Illuminate\\Http\\Request))
#16 /home/noshad/Desktop/Laravel-projects/pos-system/vendor/laravel/framework/src/Illuminate/Pipeline/Pipeline.php(219): Illuminate\\View\\Middleware\\ShareErrorsFromSession->handle(Object(Illuminate\\Http\\Request), Object(Closure))
#17 /home/noshad/Desktop/Laravel-projects/pos-system/vendor/laravel/framework/src/Illuminate/Session/Middleware/StartSession.php(120): Illuminate\\Pipeline\\Pipeline->{closure:{closure:Illuminate\\Pipeline\\Pipeline::carry():194}:195}(Object(Illuminate\\Http\\Request))
#18 /home/noshad/Desktop/Laravel-projects/pos-system/vendor/laravel/framework/src/Illuminate/Session/Middleware/StartSession.php(63): Illuminate\\Session\\Middleware\\StartSession->handleStatefulRequest(Object(Illuminate\\Http\\Request), Object(Illuminate\\Session\\Store), Object(Closure))
#19 /home/noshad/Desktop/Laravel-projects/pos-system/vendor/laravel/framework/src/Illuminate/Pipeline/Pipeline.php(219): Illuminate\\Session\\Middleware\\StartSession->handle(Object(Illuminate\\Http\\Request), Object(Closure))
#20 /home/noshad/Desktop/Laravel-projects/pos-system/vendor/laravel/framework/src/Illuminate/Cookie/Middleware/AddQueuedCookiesToResponse.php(36): Illuminate\\Pipeline\\Pipeline->{closure:{closure:Illuminate\\Pipeline\\Pipeline::carry():194}:195}(Object(Illuminate\\Http\\Request))
#21 /home/noshad/Desktop/Laravel-projects/pos-system/vendor/laravel/framework/src/Illuminate/Pipeline/Pipeline.php(219): Illuminate\\Cookie\\Middleware\\AddQueuedCookiesToResponse->handle(Object(Illuminate\\Http\\Request), Object(Closure))
#22 /home/noshad/Desktop/Laravel-projects/pos-system/vendor/laravel/framework/src/Illuminate/Cookie/Middleware/EncryptCookies.php(74): Illuminate\\Pipeline\\Pipeline->{closure:{closure:Illuminate\\Pipeline\\Pipeline::carry():194}:195}(Object(Illuminate\\Http\\Request))
#23 /home/noshad/Desktop/Laravel-projects/pos-system/vendor/laravel/framework/src/Illuminate/Pipeline/Pipeline.php(219): Illuminate\\Cookie\\Middleware\\EncryptCookies->handle(Object(Illuminate\\Http\\Request), Object(Closure))
#24 /home/noshad/Desktop/Laravel-projects/pos-system/vendor/laravel/framework/src/Illuminate/Pipeline/Pipeline.php(137): Illuminate\\Pipeline\\Pipeline->{closure:{closure:Illuminate\\Pipeline\\Pipeline::carry():194}:195}(Object(Illuminate\\Http\\Request))
#25 /home/noshad/Desktop/Laravel-projects/pos-system/vendor/laravel/framework/src/Illuminate/Routing/Router.php(821): Illuminate\\Pipeline\\Pipeline->then(Object(Closure))
#26 /home/noshad/Desktop/Laravel-projects/pos-system/vendor/laravel/framework/src/Illuminate/Routing/Router.php(800): Illuminate\\Routing\\Router->runRouteWithinStack(Object(Illuminate\\Routing\\Route), Object(Illuminate\\Http\\Request))
#27 /home/noshad/Desktop/Laravel-projects/pos-system/vendor/laravel/framework/src/Illuminate/Routing/Router.php(764): Illuminate\\Routing\\Router->runRoute(Object(Illuminate\\Http\\Request), Object(Illuminate\\Routing\\Route))
#28 /home/noshad/Desktop/Laravel-projects/pos-system/vendor/laravel/framework/src/Illuminate/Routing/Router.php(753): Illuminate\\Routing\\Router->dispatchToRoute(Object(Illuminate\\Http\\Request))
#29 /home/noshad/Desktop/Laravel-projects/pos-system/vendor/laravel/framework/src/Illuminate/Foundation/Http/Kernel.php(200): Illuminate\\Routing\\Router->dispatch(Object(Illuminate\\Http\\Request))
#30 /home/noshad/Desktop/Laravel-projects/pos-system/vendor/laravel/framework/src/Illuminate/Pipeline/Pipeline.php(180): Illuminate\\Foundation\\Http\\Kernel->{closure:Illuminate\\Foundation\\Http\\Kernel::dispatchToRouter():197}(Object(Illuminate\\Http\\Request))
#31 /home/noshad/Desktop/Laravel-projects/pos-system/vendor/laravel/framework/src/Illuminate/Foundation/Http/Middleware/TransformsRequest.php(21): Illuminate\\Pipeline\\Pipeline->{closure:Illuminate\\Pipeline\\Pipeline::prepareDestination():178}(Object(Illuminate\\Http\\Request))
#32 /home/noshad/Desktop/Laravel-projects/pos-system/vendor/laravel/framework/src/Illuminate/Foundation/Http/Middleware/ConvertEmptyStringsToNull.php(31): Illuminate\\Foundation\\Http\\Middleware\\TransformsRequest->handle(Object(Illuminate\\Http\\Request), Object(Closure))
#33 /home/noshad/Desktop/Laravel-projects/pos-system/vendor/laravel/framework/src/Illuminate/Pipeline/Pipeline.php(219): Illuminate\\Foundation\\Http\\Middleware\\ConvertEmptyStringsToNull->handle(Object(Illuminate\\Http\\Request), Object(Closure))
#34 /home/noshad/Desktop/Laravel-projects/pos-system/vendor/laravel/framework/src/Illuminate/Foundation/Http/Middleware/TransformsRequest.php(21): Illuminate\\Pipeline\\Pipeline->{closure:{closure:Illuminate\\Pipeline\\Pipeline::carry():194}:195}(Object(Illuminate\\Http\\Request))
#35 /home/noshad/Desktop/Laravel-projects/pos-system/vendor/laravel/framework/src/Illuminate/Foundation/Http/Middleware/TrimStrings.php(51): Illuminate\\Foundation\\Http\\Middleware\\TransformsRequest->handle(Object(Illuminate\\Http\\Request), Object(Closure))
#36 /home/noshad/Desktop/Laravel-projects/pos-system/vendor/laravel/framework/src/Illuminate/Pipeline/Pipeline.php(219): Illuminate\\Foundation\\Http\\Middleware\\TrimStrings->handle(Object(Illuminate\\Http\\Request), Object(Closure))
#37 /home/noshad/Desktop/Laravel-projects/pos-system/vendor/laravel/framework/src/Illuminate/Http/Middleware/ValidatePostSize.php(27): Illuminate\\Pipeline\\Pipeline->{closure:{closure:Illuminate\\Pipeline\\Pipeline::carry():194}:195}(Object(Illuminate\\Http\\Request))
#38 /home/noshad/Desktop/Laravel-projects/pos-system/vendor/laravel/framework/src/Illuminate/Pipeline/Pipeline.php(219): Illuminate\\Http\\Middleware\\ValidatePostSize->handle(Object(Illuminate\\Http\\Request), Object(Closure))
#39 /home/noshad/Desktop/Laravel-projects/pos-system/vendor/laravel/framework/src/Illuminate/Foundation/Http/Middleware/PreventRequestsDuringMaintenance.php(110): Illuminate\\Pipeline\\Pipeline->{closure:{closure:Illuminate\\Pipeline\\Pipeline::carry():194}:195}(Object(Illuminate\\Http\\Request))
#40 /home/noshad/Desktop/Laravel-projects/pos-system/vendor/laravel/framework/src/Illuminate/Pipeline/Pipeline.php(219): Illuminate\\Foundation\\Http\\Middleware\\PreventRequestsDuringMaintenance->handle(Object(Illuminate\\Http\\Request), Object(Closure))
#41 /home/noshad/Desktop/Laravel-projects/pos-system/vendor/laravel/framework/src/Illuminate/Http/Middleware/HandleCors.php(61): Illuminate\\Pipeline\\Pipeline->{closure:{closure:Illuminate\\Pipeline\\Pipeline::carry():194}:195}(Object(Illuminate\\Http\\Request))
#42 /home/noshad/Desktop/Laravel-projects/pos-system/vendor/laravel/framework/src/Illuminate/Pipeline/Pipeline.php(219): Illuminate\\Http\\Middleware\\HandleCors->handle(Object(Illuminate\\Http\\Request), Object(Closure))
#43 /home/noshad/Desktop/Laravel-projects/pos-system/vendor/laravel/framework/src/Illuminate/Http/Middleware/TrustProxies.php(58): Illuminate\\Pipeline\\Pipeline->{closure:{closure:Illuminate\\Pipeline\\Pipeline::carry():194}:195}(Object(Illuminate\\Http\\Request))
#44 /home/noshad/Desktop/Laravel-projects/pos-system/vendor/laravel/framework/src/Illuminate/Pipeline/Pipeline.php(219): Illuminate\\Http\\Middleware\\TrustProxies->handle(Object(Illuminate\\Http\\Request), Object(Closure))
#45 /home/noshad/Desktop/Laravel-projects/pos-system/vendor/laravel/framework/src/Illuminate/Pipeline/Pipeline.php(137): Illuminate\\Pipeline\\Pipeline->{closure:{closure:Illuminate\\Pipeline\\Pipeline::carry():194}:195}(Object(Illuminate\\Http\\Request))
#46 /home/noshad/Desktop/Laravel-projects/pos-system/vendor/laravel/framework/src/Illuminate/Foundation/Http/Kernel.php(175): Illuminate\\Pipeline\\Pipeline->then(Object(Closure))
#47 /home/noshad/Desktop/Laravel-projects/pos-system/vendor/laravel/framework/src/Illuminate/Foundation/Http/Kernel.php(144): Illuminate\\Foundation\\Http\\Kernel->sendRequestThroughRouter(Object(Illuminate\\Http\\Request))
#48 /home/noshad/Desktop/Laravel-projects/pos-system/public/index.php(18): Illuminate\\Foundation\\Http\\Kernel->handle(Object(Illuminate\\Http\\Request))
#49 {main}
"} 
[2026-10-01 04:44:30] local.ERROR: Malformed @foreach statement. {"userId":1,"exception":"[object] (Illuminate\\Contracts\\View\\ViewCompilationException(code: 0): Malformed @foreach statement. at /home/noshad/Desktop/Laravel-projects/pos-system/vendor/laravel/framework/src/Illuminate/View/Compilers/Concerns/CompilesLoops.php:106)
[stacktrace]
#0 /home/noshad/Desktop/Laravel-projects/pos-system/vendor/laravel/framework/src/Illuminate/View/Compilers/BladeCompiler.php(669): Illuminate\\View\\Compilers\\BladeCompiler->compileForeach('($tables as$tab...')
#1 /home/noshad/Desktop/Laravel-projects/pos-system/vendor/laravel/framework/src/Illuminate/View/Compilers/BladeCompiler.php(586): Illuminate\\View\\Compilers\\BladeCompiler->compileStatement(Array)
#2 /home/noshad/Desktop/Laravel-projects/pos-system/vendor/laravel/framework/src/Illuminate/View/Compilers/BladeCompiler.php(519): Illuminate\\View\\Compilers\\BladeCompiler->compileStatements('\\n<?php $__env->...')
#3 /home/noshad/Desktop/Laravel-projects/pos-system/vendor/laravel/framework/src/Illuminate/View/Compilers/BladeCompiler.php(308): Illuminate\\View\\Compilers\\BladeCompiler->parseToken(Array)
#4 /home/noshad/Desktop/Laravel-projects/pos-system/vendor/laravel/framework/src/Illuminate/View/Compilers/BladeCompiler.php(188): Illuminate\\View\\Compilers\\BladeCompiler->compileString('@extends('layou...')
#5 /home/noshad/Desktop/Laravel-projects/pos-system/vendor/laravel/framework/src/Illuminate/View/Engines/CompilerEngine.php(68): Illuminate\\View\\Compilers\\BladeCompiler->compile('/home/noshad/De...')
#6 /home/noshad/Desktop/Laravel-projects/pos-system/vendor/laravel/framework/src/Illuminate/View/View.php(208): Illuminate\\View\\Engines\\CompilerEngine->get('/home/noshad/De...', Array)
#7 /home/noshad/Desktop/Laravel-projects/pos-system/vendor/laravel/framework/src/Illuminate/View/View.php(191): Illuminate\\View\\View->getContents()
#8 /home/noshad/Desktop/Laravel-projects/pos-system/vendor/laravel/framework/src/Illuminate/View/View.php(160): Illuminate\\View\\View->renderContents()
#9 /home/noshad/Desktop/Laravel-projects/pos-system/vendor/laravel/framework/src/Illuminate/Http/Response.php(82): Illuminate\\View\\View->render()
#10 /home/noshad/Desktop/Laravel-projects/pos-system/vendor/laravel/framework/src/Illuminate/Http/Response.php(40): Illuminate\\Http\\Response->setContent(Object(Illuminate\\View\\View))
#11 /home/noshad/Desktop/Laravel-projects/pos-system/vendor/laravel/framework/src/Illuminate/Routing/Router.php(939): Illuminate\\Http\\Response->__construct(Object(Illuminate\\View\\View), 200, Array)
#12 /home/noshad/Desktop/Laravel-projects/pos-system/vendor/laravel/framework/src/Illuminate/Routing/Router.php(906): Illuminate\\Routing\\Router::toResponse(Object(Illuminate\\Http\\Request), Object(Illuminate\\View\\View))
#13 /home/noshad/Desktop/Laravel-projects/pos-system/vendor/laravel/framework/src/Illuminate/Routing/Router.php(821): Illuminate\\Routing\\Router->prepareResponse(Object(Illuminate\\Http\\Request), Object(Illuminate\\View\\View))
#14 /home/noshad/Desktop/Laravel-projects/pos-system/vendor/laravel/framework/src/Illuminate/Pipeline/Pipeline.php(180): Illuminate\\Routing\\Router->{closure:Illuminate\\Routing\\Router::runRouteWithinStack():821}(Object(Illuminate\\Http\\Request))
#15 /home/noshad/Desktop/Laravel-projects/pos-system/vendor/laravel/framework/src/Illuminate/Routing/Middleware/SubstituteBindings.php(52): Illuminate\\Pipeline\\Pipeline->{closure:Illuminate\\Pipeline\\Pipeline::prepareDestination():178}(Object(Illuminate\\Http\\Request))
#16 /home/noshad/Desktop/Laravel-projects/pos-system/vendor/laravel/framework/src/Illuminate/Pipeline/Pipeline.php(219): Illuminate\\Routing\\Middleware\\SubstituteBindings->handle(Object(Illuminate\\Http\\Request), Object(Closure))
#17 /home/noshad/Desktop/Laravel-projects/pos-system/vendor/laravel/framework/src/Illuminate/Auth/Middleware/Authenticate.php(63): Illuminate\\Pipeline\\Pipeline->{closure:{closure:Illuminate\\Pipeline\\Pipeline::carry():194}:195}(Object(Illuminate\\Http\\Request))
#18 /home/noshad/Desktop/Laravel-projects/pos-system/vendor/laravel/framework/src/Illuminate/Pipeline/Pipeline.php(219): Illuminate\\Auth\\Middleware\\Authenticate->handle(Object(Illuminate\\Http\\Request), Object(Closure))
#19 /home/noshad/Desktop/Laravel-projects/pos-system/vendor/laravel/framework/src/Illuminate/Foundation/Http/Middleware/PreventRequestForgery.php(104): Illuminate\\Pipeline\\Pipeline->{closure:{closure:Illuminate\\Pipeline\\Pipeline::carry():194}:195}(Object(Illuminate\\Http\\Request))
#20 /home/noshad/Desktop/Laravel-projects/pos-system/vendor/laravel/framework/src/Illuminate/Pipeline/Pipeline.php(219): Illuminate\\Foundation\\Http\\Middleware\\PreventRequestForgery->handle(Object(Illuminate\\Http\\Request), Object(Closure))
#21 /home/noshad/Desktop/Laravel-projects/pos-system/vendor/laravel/framework/src/Illuminate/View/Middleware/ShareErrorsFromSession.php(48): Illuminate\\Pipeline\\Pipeline->{closure:{closure:Illuminate\\Pipeline\\Pipeline::carry():194}:195}(Object(Illuminate\\Http\\Request))
#22 /home/noshad/Desktop/Laravel-projects/pos-system/vendor/laravel/framework/src/Illuminate/Pipeline/Pipeline.php(219): Illuminate\\View\\Middleware\\ShareErrorsFromSession->handle(Object(Illuminate\\Http\\Request), Object(Closure))
#23 /home/noshad/Desktop/Laravel-projects/pos-system/vendor/laravel/framework/src/Illuminate/Session/Middleware/StartSession.php(120): Illuminate\\Pipeline\\Pipeline->{closure:{closure:Illuminate\\Pipeline\\Pipeline::carry():194}:195}(Object(Illuminate\\Http\\Request))
#24 /home/noshad/Desktop/Laravel-projects/pos-system/vendor/laravel/framework/src/Illuminate/Session/Middleware/StartSession.php(63): Illuminate\\Session\\Middleware\\StartSession->handleStatefulRequest(Object(Illuminate\\Http\\Request), Object(Illuminate\\Session\\Store), Object(Closure))
#25 /home/noshad/Desktop/Laravel-projects/pos-system/vendor/laravel/framework/src/Illuminate/Pipeline/Pipeline.php(219): Illuminate\\Session\\Middleware\\StartSession->handle(Object(Illuminate\\Http\\Request), Object(Closure))
#26 /home/noshad/Desktop/Laravel-projects/pos-system/vendor/laravel/framework/src/Illuminate/Cookie/Middleware/AddQueuedCookiesToResponse.php(36): Illuminate\\Pipeline\\Pipeline->{closure:{closure:Illuminate\\Pipeline\\Pipeline::carry():194}:195}(Object(Illuminate\\Http\\Request))
#27 /home/noshad/Desktop/Laravel-projects/pos-system/vendor/laravel/framework/src/Illuminate/Pipeline/Pipeline.php(219): Illuminate\\Cookie\\Middleware\\AddQueuedCookiesToResponse->handle(Object(Illuminate\\Http\\Request), Object(Closure))
#28 /home/noshad/Desktop/Laravel-projects/pos-system/vendor/laravel/framework/src/Illuminate/Cookie/Middleware/EncryptCookies.php(74): Illuminate\\Pipeline\\Pipeline->{closure:{closure:Illuminate\\Pipeline\\Pipeline::carry():194}:195}(Object(Illuminate\\Http\\Request))
#29 /home/noshad/Desktop/Laravel-projects/pos-system/vendor/laravel/framework/src/Illuminate/Pipeline/Pipeline.php(219): Illuminate\\Cookie\\Middleware\\EncryptCookies->handle(Object(Illuminate\\Http\\Request), Object(Closure))
#30 /home/noshad/Desktop/Laravel-projects/pos-system/vendor/laravel/framework/src/Illuminate/Pipeline/Pipeline.php(137): Illuminate\\Pipeline\\Pipeline->{closure:{closure:Illuminate\\Pipeline\\Pipeline::carry():194}:195}(Object(Illuminate\\Http\\Request))
#31 /home/noshad/Desktop/Laravel-projects/pos-system/vendor/laravel/framework/src/Illuminate/Routing/Router.php(821): Illuminate\\Pipeline\\Pipeline->then(Object(Closure))
#32 /home/noshad/Desktop/Laravel-projects/pos-system/vendor/laravel/framework/src/Illuminate/Routing/Router.php(800): Illuminate\\Routing\\Router->runRouteWithinStack(Object(Illuminate\\Routing\\Route), Object(Illuminate\\Http\\Request))
#33 /home/noshad/Desktop/Laravel-projects/pos-system/vendor/laravel/framework/src/Illuminate/Routing/Router.php(764): Illuminate\\Routing\\Router->runRoute(Object(Illuminate\\Http\\Request), Object(Illuminate\\Routing\\Route))
#34 /home/noshad/Desktop/Laravel-projects/pos-system/vendor/laravel/framework/src/Illuminate/Routing/Router.php(753): Illuminate\\Routing\\Router->dispatchToRoute(Object(Illuminate\\Http\\Request))
#35 /home/noshad/Desktop/Laravel-projects/pos-system/vendor/laravel/framework/src/Illuminate/Foundation/Http/Kernel.php(200): Illuminate\\Routing\\Router->dispatch(Object(Illuminate\\Http\\Request))
#36 /home/noshad/Desktop/Laravel-projects/pos-system/vendor/laravel/framework/src/Illuminate/Pipeline/Pipeline.php(180): Illuminate\\Foundation\\Http\\Kernel->{closure:Illuminate\\Foundation\\Http\\Kernel::dispatchToRouter():197}(Object(Illuminate\\Http\\Request))
#37 /home/noshad/Desktop/Laravel-projects/pos-system/vendor/laravel/framework/src/Illuminate/Foundation/Http/Middleware/TransformsRequest.php(21): Illuminate\\Pipeline\\Pipeline->{closure:Illuminate\\Pipeline\\Pipeline::prepareDestination():178}(Object(Illuminate\\Http\\Request))
#38 /home/noshad/Desktop/Laravel-projects/pos-system/vendor/laravel/framework/src/Illuminate/Foundation/Http/Middleware/ConvertEmptyStringsToNull.php(31): Illuminate\\Foundation\\Http\\Middleware\\TransformsRequest->handle(Object(Illuminate\\Http\\Request), Object(Closure))
#39 /home/noshad/Desktop/Laravel-projects/pos-system/vendor/laravel/framework/src/Illuminate/Pipeline/Pipeline.php(219): Illuminate\\Foundation\\Http\\Middleware\\ConvertEmptyStringsToNull->handle(Object(Illuminate\\Http\\Request), Object(Closure))
#40 /home/noshad/Desktop/Laravel-projects/pos-system/vendor/laravel/framework/src/Illuminate/Foundation/Http/Middleware/TransformsRequest.php(21): Illuminate\\Pipeline\\Pipeline->{closure:{closure:Illuminate\\Pipeline\\Pipeline::carry():194}:195}(Object(Illuminate\\Http\\Request))
#41 /home/noshad/Desktop/Laravel-projects/pos-system/vendor/laravel/framework/src/Illuminate/Foundation/Http/Middleware/TrimStrings.php(51): Illuminate\\Foundation\\Http\\Middleware\\TransformsRequest->handle(Object(Illuminate\\Http\\Request), Object(Closure))
#42 /home/noshad/Desktop/Laravel-projects/pos-system/vendor/laravel/framework/src/Illuminate/Pipeline/Pipeline.php(219): Illuminate\\Foundation\\Http\\Middleware\\TrimStrings->handle(Object(Illuminate\\Http\\Request), Object(Closure))
#43 /home/noshad/Desktop/Laravel-projects/pos-system/vendor/laravel/framework/src/Illuminate/Http/Middleware/ValidatePostSize.php(27): Illuminate\\Pipeline\\Pipeline->{closure:{closure:Illuminate\\Pipeline\\Pipeline::carry():194}:195}(Object(Illuminate\\Http\\Request))
#44 /home/noshad/Desktop/Laravel-projects/pos-system/vendor/laravel/framework/src/Illuminate/Pipeline/Pipeline.php(219): Illuminate\\Http\\Middleware\\ValidatePostSize->handle(Object(Illuminate\\Http\\Request), Object(Closure))
#45 /home/noshad/Desktop/Laravel-projects/pos-system/vendor/laravel/framework/src/Illuminate/Foundation/Http/Middleware/PreventRequestsDuringMaintenance.php(110): Illuminate\\Pipeline\\Pipeline->{closure:{closure:Illuminate\\Pipeline\\Pipeline::carry():194}:195}(Object(Illuminate\\Http\\Request))
#46 /home/noshad/Desktop/Laravel-projects/pos-system/vendor/laravel/framework/src/Illuminate/Pipeline/Pipeline.php(219): Illuminate\\Foundation\\Http\\Middleware\\PreventRequestsDuringMaintenance->handle(Object(Illuminate\\Http\\Request), Object(Closure))
#47 /home/noshad/Desktop/Laravel-projects/pos-system/vendor/laravel/framework/src/Illuminate/Http/Middleware/HandleCors.php(61): Illuminate\\Pipeline\\Pipeline->{closure:{closure:Illuminate\\Pipeline\\Pipeline::carry():194}:195}(Object(Illuminate\\Http\\Request))
#48 /home/noshad/Desktop/Laravel-projects/pos-system/vendor/laravel/framework/src/Illuminate/Pipeline/Pipeline.php(219): Illuminate\\Http\\Middleware\\HandleCors->handle(Object(Illuminate\\Http\\Request), Object(Closure))
#49 /home/noshad/Desktop/Laravel-projects/pos-system/vendor/laravel/framework/src/Illuminate/Http/Middleware/TrustProxies.php(58): Illuminate\\Pipeline\\Pipeline->{closure:{closure:Illuminate\\Pipeline\\Pipeline::carry():194}:195}(Object(Illuminate\\Http\\Request))
#50 /home/noshad/Desktop/Laravel-projects/pos-system/vendor/laravel/framework/src/Illuminate/Pipeline/Pipeline.php(219): Illuminate\\Http\\Middleware\\TrustProxies->handle(Object(Illuminate\\Http\\Request), Object(Closure))
#51 /home/noshad/Desktop/Laravel-projects/pos-system/vendor/laravel/framework/src/Illuminate/Pipeline/Pipeline.php(137): Illuminate\\Pipeline\\Pipeline->{closure:{closure:Illuminate\\Pipeline\\Pipeline::carry():194}:195}(Object(Illuminate\\Http\\Request))
#52 /home/noshad/Desktop/Laravel-projects/pos-system/vendor/laravel/framework/src/Illuminate/Foundation/Http/Kernel.php(175): Illuminate\\Pipeline\\Pipeline->then(Object(Closure))
#53 /home/noshad/Desktop/Laravel-projects/pos-system/vendor/laravel/framework/src/Illuminate/Foundation/Http/Kernel.php(144): Illuminate\\Foundation\\Http\\Kernel->sendRequestThroughRouter(Object(Illuminate\\Http\\Request))
#54 /home/noshad/Desktop/Laravel-projects/pos-system/public/index.php(18): Illuminate\\Foundation\\Http\\Kernel->handle(Object(Illuminate\\Http\\Request))
#55 {main}
"} 
[2026-10-01 04:46:01] local.ERROR: Malformed @foreach statement. {"userId":1,"exception":"[object] (Illuminate\\Contracts\\View\\ViewCompilationException(code: 0): Malformed @foreach statement. at /home/noshad/Desktop/Laravel-projects/pos-system/vendor/laravel/framework/src/Illuminate/View/Compilers/Concerns/CompilesLoops.php:106)
[stacktrace]
#0 /home/noshad/Desktop/Laravel-projects/pos-system/vendor/laravel/framework/src/Illuminate/View/Compilers/BladeCompiler.php(669): Illuminate\\View\\Compilers\\BladeCompiler->compileForeach('($tables as$tab...')
#1 /home/noshad/Desktop/Laravel-projects/pos-system/vendor/laravel/framework/src/Illuminate/View/Compilers/BladeCompiler.php(586): Illuminate\\View\\Compilers\\BladeCompiler->compileStatement(Array)
#2 /home/noshad/Desktop/Laravel-projects/pos-system/vendor/laravel/framework/src/Illuminate/View/Compilers/BladeCompiler.php(519): Illuminate\\View\\Compilers\\BladeCompiler->compileStatements('\\n<?php $__env->...')
#3 /home/noshad/Desktop/Laravel-projects/pos-system/vendor/laravel/framework/src/Illuminate/View/Compilers/BladeCompiler.php(308): Illuminate\\View\\Compilers\\BladeCompiler->parseToken(Array)
#4 /home/noshad/Desktop/Laravel-projects/pos-system/vendor/laravel/framework/src/Illuminate/View/Compilers/BladeCompiler.php(188): Illuminate\\View\\Compilers\\BladeCompiler->compileString('@extends('layou...')
#5 /home/noshad/Desktop/Laravel-projects/pos-system/vendor/laravel/framework/src/Illuminate/View/Engines/CompilerEngine.php(68): Illuminate\\View\\Compilers\\BladeCompiler->compile('/home/noshad/De...')
#6 /home/noshad/Desktop/Laravel-projects/pos-system/vendor/laravel/framework/src/Illuminate/View/View.php(208): Illuminate\\View\\Engines\\CompilerEngine->get('/home/noshad/De...', Array)
#7 /home/noshad/Desktop/Laravel-projects/pos-system/vendor/laravel/framework/src/Illuminate/View/View.php(191): Illuminate\\View\\View->getContents()
#8 /home/noshad/Desktop/Laravel-projects/pos-system/vendor/laravel/framework/src/Illuminate/View/View.php(160): Illuminate\\View\\View->renderContents()
#9 /home/noshad/Desktop/Laravel-projects/pos-system/vendor/laravel/framework/src/Illuminate/Http/Response.php(82): Illuminate\\View\\View->render()
#10 /home/noshad/Desktop/Laravel-projects/pos-system/vendor/laravel/framework/src/Illuminate/Http/Response.php(40): Illuminate\\Http\\Response->setContent(Object(Illuminate\\View\\View))
#11 /home/noshad/Desktop/Laravel-projects/pos-system/vendor/laravel/framework/src/Illuminate/Routing/Router.php(939): Illuminate\\Http\\Response->__construct(Object(Illuminate\\View\\View), 200, Array)
#12 /home/noshad/Desktop/Laravel-projects/pos-system/vendor/laravel/framework/src/Illuminate/Routing/Router.php(906): Illuminate\\Routing\\Router::toResponse(Object(Illuminate\\Http\\Request), Object(Illuminate\\View\\View))
#13 /home/noshad/Desktop/Laravel-projects/pos-system/vendor/laravel/framework/src/Illuminate/Routing/Router.php(821): Illuminate\\Routing\\Router->prepareResponse(Object(Illuminate\\Http\\Request), Object(Illuminate\\View\\View))
#14 /home/noshad/Desktop/Laravel-projects/pos-system/vendor/laravel/framework/src/Illuminate/Pipeline/Pipeline.php(180): Illuminate\\Routing\\Router->{closure:Illuminate\\Routing\\Router::runRouteWithinStack():821}(Object(Illuminate\\Http\\Request))
#15 /home/noshad/Desktop/Laravel-projects/pos-system/vendor/laravel/framework/src/Illuminate/Routing/Middleware/SubstituteBindings.php(52): Illuminate\\Pipeline\\Pipeline->{closure:Illuminate\\Pipeline\\Pipeline::prepareDestination():178}(Object(Illuminate\\Http\\Request))
#16 /home/noshad/Desktop/Laravel-projects/pos-system/vendor/laravel/framework/src/Illuminate/Pipeline/Pipeline.php(219): Illuminate\\Routing\\Middleware\\SubstituteBindings->handle(Object(Illuminate\\Http\\Request), Object(Closure))
#17 /home/noshad/Desktop/Laravel-projects/pos-system/vendor/laravel/framework/src/Illuminate/Auth/Middleware/Authenticate.php(63): Illuminate\\Pipeline\\Pipeline->{closure:{closure:Illuminate\\Pipeline\\Pipeline::carry():194}:195}(Object(Illuminate\\Http\\Request))
#18 /home/noshad/Desktop/Laravel-projects/pos-system/vendor/laravel/framework/src/Illuminate/Pipeline/Pipeline.php(219): Illuminate\\Auth\\Middleware\\Authenticate->handle(Object(Illuminate\\Http\\Request), Object(Closure))
#19 /home/noshad/Desktop/Laravel-projects/pos-system/vendor/laravel/framework/src/Illuminate/Foundation/Http/Middleware/PreventRequestForgery.php(104): Illuminate\\Pipeline\\Pipeline->{closure:{closure:Illuminate\\Pipeline\\Pipeline::carry():194}:195}(Object(Illuminate\\Http\\Request))
#20 /home/noshad/Desktop/Laravel-projects/pos-system/vendor/laravel/framework/src/Illuminate/Pipeline/Pipeline.php(219): Illuminate\\Foundation\\Http\\Middleware\\PreventRequestForgery->handle(Object(Illuminate\\Http\\Request), Object(Closure))
#21 /home/noshad/Desktop/Laravel-projects/pos-system/vendor/laravel/framework/src/Illuminate/View/Middleware/ShareErrorsFromSession.php(48): Illuminate\\Pipeline\\Pipeline->{closure:{closure:Illuminate\\Pipeline\\Pipeline::carry():194}:195}(Object(Illuminate\\Http\\Request))
#22 /home/noshad/Desktop/Laravel-projects/pos-system/vendor/laravel/framework/src/Illuminate/Pipeline/Pipeline.php(219): Illuminate\\View\\Middleware\\ShareErrorsFromSession->handle(Object(Illuminate\\Http\\Request), Object(Closure))
#23 /home/noshad/Desktop/Laravel-projects/pos-system/vendor/laravel/framework/src/Illuminate/Session/Middleware/StartSession.php(120): Illuminate\\Pipeline\\Pipeline->{closure:{closure:Illuminate\\Pipeline\\Pipeline::carry():194}:195}(Object(Illuminate\\Http\\Request))
#24 /home/noshad/Desktop/Laravel-projects/pos-system/vendor/laravel/framework/src/Illuminate/Session/Middleware/StartSession.php(63): Illuminate\\Session\\Middleware\\StartSession->handleStatefulRequest(Object(Illuminate\\Http\\Request), Object(Illuminate\\Session\\Store), Object(Closure))
#25 /home/noshad/Desktop/Laravel-projects/pos-system/vendor/laravel/framework/src/Illuminate/Pipeline/Pipeline.php(219): Illuminate\\Session\\Middleware\\StartSession->handle(Object(Illuminate\\Http\\Request), Object(Closure))
#26 /home/noshad/Desktop/Laravel-projects/pos-system/vendor/laravel/framework/src/Illuminate/Cookie/Middleware/AddQueuedCookiesToResponse.php(36): Illuminate\\Pipeline\\Pipeline->{closure:{closure:Illuminate\\Pipeline\\Pipeline::carry():194}:195}(Object(Illuminate\\Http\\Request))
#27 /home/noshad/Desktop/Laravel-projects/pos-system/vendor/laravel/framework/src/Illuminate/Pipeline/Pipeline.php(219): Illuminate\\Cookie\\Middleware\\AddQueuedCookiesToResponse->handle(Object(Illuminate\\Http\\Request), Object(Closure))
#28 /home/noshad/Desktop/Laravel-projects/pos-system/vendor/laravel/framework/src/Illuminate/Cookie/Middleware/EncryptCookies.php(74): Illuminate\\Pipeline\\Pipeline->{closure:{closure:Illuminate\\Pipeline\\Pipeline::carry():194}:195}(Object(Illuminate\\Http\\Request))
#29 /home/noshad/Desktop/Laravel-projects/pos-system/vendor/laravel/framework/src/Illuminate/Pipeline/Pipeline.php(219): Illuminate\\Cookie\\Middleware\\EncryptCookies->handle(Object(Illuminate\\Http\\Request), Object(Closure))
#30 /home/noshad/Desktop/Laravel-projects/pos-system/vendor/laravel/framework/src/Illuminate/Pipeline/Pipeline.php(137): Illuminate\\Pipeline\\Pipeline->{closure:{closure:Illuminate\\Pipeline\\Pipeline::carry():194}:195}(Object(Illuminate\\Http\\Request))
#31 /home/noshad/Desktop/Laravel-projects/pos-system/vendor/laravel/framework/src/Illuminate/Routing/Router.php(821): Illuminate\\Pipeline\\Pipeline->then(Object(Closure))
#32 /home/noshad/Desktop/Laravel-projects/pos-system/vendor/laravel/framework/src/Illuminate/Routing/Router.php(800): Illuminate\\Routing\\Router->runRouteWithinStack(Object(Illuminate\\Routing\\Route), Object(Illuminate\\Http\\Request))
#33 /home/noshad/Desktop/Laravel-projects/pos-system/vendor/laravel/framework/src/Illuminate/Routing/Router.php(764): Illuminate\\Routing\\Router->runRoute(Object(Illuminate\\Http\\Request), Object(Illuminate\\Routing\\Route))
#34 /home/noshad/Desktop/Laravel-projects/pos-system/vendor/laravel/framework/src/Illuminate/Routing/Router.php(753): Illuminate\\Routing\\Router->dispatchToRoute(Object(Illuminate\\Http\\Request))
#35 /home/noshad/Desktop/Laravel-projects/pos-system/vendor/laravel/framework/src/Illuminate/Foundation/Http/Kernel.php(200): Illuminate\\Routing\\Router->dispatch(Object(Illuminate\\Http\\Request))
#36 /home/noshad/Desktop/Laravel-projects/pos-system/vendor/laravel/framework/src/Illuminate/Pipeline/Pipeline.php(180): Illuminate\\Foundation\\Http\\Kernel->{closure:Illuminate\\Foundation\\Http\\Kernel::dispatchToRouter():197}(Object(Illuminate\\Http\\Request))
#37 /home/noshad/Desktop/Laravel-projects/pos-system/vendor/laravel/framework/src/Illuminate/Foundation/Http/Middleware/TransformsRequest.php(21): Illuminate\\Pipeline\\Pipeline->{closure:Illuminate\\Pipeline\\Pipeline::prepareDestination():178}(Object(Illuminate\\Http\\Request))
#38 /home/noshad/Desktop/Laravel-projects/pos-system/vendor/laravel/framework/src/Illuminate/Foundation/Http/Middleware/ConvertEmptyStringsToNull.php(31): Illuminate\\Foundation\\Http\\Middleware\\TransformsRequest->handle(Object(Illuminate\\Http\\Request), Object(Closure))
#39 /home/noshad/Desktop/Laravel-projects/pos-system/vendor/laravel/framework/src/Illuminate/Pipeline/Pipeline.php(219): Illuminate\\Foundation\\Http\\Middleware\\ConvertEmptyStringsToNull->handle(Object(Illuminate\\Http\\Request), Object(Closure))
#40 /home/noshad/Desktop/Laravel-projects/pos-system/vendor/laravel/framework/src/Illuminate/Foundation/Http/Middleware/TransformsRequest.php(21): Illuminate\\Pipeline\\Pipeline->{closure:{closure:Illuminate\\Pipeline\\Pipeline::carry():194}:195}(Object(Illuminate\\Http\\Request))
#41 /home/noshad/Desktop/Laravel-projects/pos-system/vendor/laravel/framework/src/Illuminate/Foundation/Http/Middleware/TrimStrings.php(51): Illuminate\\Foundation\\Http\\Middleware\\TransformsRequest->handle(Object(Illuminate\\Http\\Request), Object(Closure))
#42 /home/noshad/Desktop/Laravel-projects/pos-system/vendor/laravel/framework/src/Illuminate/Pipeline/Pipeline.php(219): Illuminate\\Foundation\\Http\\Middleware\\TrimStrings->handle(Object(Illuminate\\Http\\Request), Object(Closure))
#43 /home/noshad/Desktop/Laravel-projects/pos-system/vendor/laravel/framework/src/Illuminate/Http/Middleware/ValidatePostSize.php(27): Illuminate\\Pipeline\\Pipeline->{closure:{closure:Illuminate\\Pipeline\\Pipeline::carry():194}:195}(Object(Illuminate\\Http\\Request))
#44 /home/noshad/Desktop/Laravel-projects/pos-system/vendor/laravel/framework/src/Illuminate/Pipeline/Pipeline.php(219): Illuminate\\Http\\Middleware\\ValidatePostSize->handle(Object(Illuminate\\Http\\Request), Object(Closure))
#45 /home/noshad/Desktop/Laravel-projects/pos-system/vendor/laravel/framework/src/Illuminate/Foundation/Http/Middleware/PreventRequestsDuringMaintenance.php(110): Illuminate\\Pipeline\\Pipeline->{closure:{closure:Illuminate\\Pipeline\\Pipeline::carry():194}:195}(Object(Illuminate\\Http\\Request))
#46 /home/noshad/Desktop/Laravel-projects/pos-system/vendor/laravel/framework/src/Illuminate/Pipeline/Pipeline.php(219): Illuminate\\Foundation\\Http\\Middleware\\PreventRequestsDuringMaintenance->handle(Object(Illuminate\\Http\\Request), Object(Closure))
#47 /home/noshad/Desktop/Laravel-projects/pos-system/vendor/laravel/framework/src/Illuminate/Http/Middleware/HandleCors.php(61): Illuminate\\Pipeline\\Pipeline->{closure:{closure:Illuminate\\Pipeline\\Pipeline::carry():194}:195}(Object(Illuminate\\Http\\Request))
#48 /home/noshad/Desktop/Laravel-projects/pos-system/vendor/laravel/framework/src/Illuminate/Pipeline/Pipeline.php(219): Illuminate\\Http\\Middleware\\HandleCors->handle(Object(Illuminate\\Http\\Request), Object(Closure))
#49 /home/noshad/Desktop/Laravel-projects/pos-system/vendor/laravel/framework/src/Illuminate/Http/Middleware/TrustProxies.php(58): Illuminate\\Pipeline\\Pipeline->{closure:{closure:Illuminate\\Pipeline\\Pipeline::carry():194}:195}(Object(Illuminate\\Http\\Request))
#50 /home/noshad/Desktop/Laravel-projects/pos-system/vendor/laravel/framework/src/Illuminate/Pipeline/Pipeline.php(219): Illuminate\\Http\\Middleware\\TrustProxies->handle(Object(Illuminate\\Http\\Request), Object(Closure))
#51 /home/noshad/Desktop/Laravel-projects/pos-system/vendor/laravel/framework/src/Illuminate/Pipeline/Pipeline.php(137): Illuminate\\Pipeline\\Pipeline->{closure:{closure:Illuminate\\Pipeline\\Pipeline::carry():194}:195}(Object(Illuminate\\Http\\Request))
#52 /home/noshad/Desktop/Laravel-projects/pos-system/vendor/laravel/framework/src/Illuminate/Foundation/Http/Kernel.php(175): Illuminate\\Pipeline\\Pipeline->then(Object(Closure))
#53 /home/noshad/Desktop/Laravel-projects/pos-system/vendor/laravel/framework/src/Illuminate/Foundation/Http/Kernel.php(144): Illuminate\\Foundation\\Http\\Kernel->sendRequestThroughRouter(Object(Illuminate\\Http\\Request))
#54 /home/noshad/Desktop/Laravel-projects/pos-system/public/index.php(18): Illuminate\\Foundation\\Http\\Kernel->handle(Object(Illuminate\\Http\\Request))
#55 {main}
"} 
[2026-10-01 04:53:25] local.ERROR: Malformed @foreach statement. {"userId":1,"exception":"[object] (Illuminate\\Contracts\\View\\ViewCompilationException(code: 0): Malformed @foreach statement. at /home/noshad/Desktop/Laravel-projects/pos-system/vendor/laravel/framework/src/Illuminate/View/Compilers/Concerns/CompilesLoops.php:106)
[stacktrace]
#0 /home/noshad/Desktop/Laravel-projects/pos-system/vendor/laravel/framework/src/Illuminate/View/Compilers/BladeCompiler.php(669): Illuminate\\View\\Compilers\\BladeCompiler->compileForeach('($tables as$tab...')
#1 /home/noshad/Desktop/Laravel-projects/pos-system/vendor/laravel/framework/src/Illuminate/View/Compilers/BladeCompiler.php(586): Illuminate\\View\\Compilers\\BladeCompiler->compileStatement(Array)
#2 /home/noshad/Desktop/Laravel-projects/pos-system/vendor/laravel/framework/src/Illuminate/View/Compilers/BladeCompiler.php(519): Illuminate\\View\\Compilers\\BladeCompiler->compileStatements('\\n<?php $__env->...')
#3 /home/noshad/Desktop/Laravel-projects/pos-system/vendor/laravel/framework/src/Illuminate/View/Compilers/BladeCompiler.php(308): Illuminate\\View\\Compilers\\BladeCompiler->parseToken(Array)
#4 /home/noshad/Desktop/Laravel-projects/pos-system/vendor/laravel/framework/src/Illuminate/View/Compilers/BladeCompiler.php(188): Illuminate\\View\\Compilers\\BladeCompiler->compileString('@extends('layou...')
#5 /home/noshad/Desktop/Laravel-projects/pos-system/vendor/laravel/framework/src/Illuminate/View/Engines/CompilerEngine.php(68): Illuminate\\View\\Compilers\\BladeCompiler->compile('/home/noshad/De...')
#6 /home/noshad/Desktop/Laravel-projects/pos-system/vendor/laravel/framework/src/Illuminate/View/View.php(208): Illuminate\\View\\Engines\\CompilerEngine->get('/home/noshad/De...', Array)
#7 /home/noshad/Desktop/Laravel-projects/pos-system/vendor/laravel/framework/src/Illuminate/View/View.php(191): Illuminate\\View\\View->getContents()
#8 /home/noshad/Desktop/Laravel-projects/pos-system/vendor/laravel/framework/src/Illuminate/View/View.php(160): Illuminate\\View\\View->renderContents()
#9 /home/noshad/Desktop/Laravel-projects/pos-system/vendor/laravel/framework/src/Illuminate/Http/Response.php(82): Illuminate\\View\\View->render()
#10 /home/noshad/Desktop/Laravel-projects/pos-system/vendor/laravel/framework/src/Illuminate/Http/Response.php(40): Illuminate\\Http\\Response->setContent(Object(Illuminate\\View\\View))
#11 /home/noshad/Desktop/Laravel-projects/pos-system/vendor/laravel/framework/src/Illuminate/Routing/Router.php(939): Illuminate\\Http\\Response->__construct(Object(Illuminate\\View\\View), 200, Array)
#12 /home/noshad/Desktop/Laravel-projects/pos-system/vendor/laravel/framework/src/Illuminate/Routing/Router.php(906): Illuminate\\Routing\\Router::toResponse(Object(Illuminate\\Http\\Request), Object(Illuminate\\View\\View))
#13 /home/noshad/Desktop/Laravel-projects/pos-system/vendor/laravel/framework/src/Illuminate/Routing/Router.php(821): Illuminate\\Routing\\Router->prepareResponse(Object(Illuminate\\Http\\Request), Object(Illuminate\\View\\View))
#14 /home/noshad/Desktop/Laravel-projects/pos-system/vendor/laravel/framework/src/Illuminate/Pipeline/Pipeline.php(180): Illuminate\\Routing\\Router->{closure:Illuminate\\Routing\\Router::runRouteWithinStack():821}(Object(Illuminate\\Http\\Request))
#15 /home/noshad/Desktop/Laravel-projects/pos-system/vendor/laravel/framework/src/Illuminate/Routing/Middleware/SubstituteBindings.php(52): Illuminate\\Pipeline\\Pipeline->{closure:Illuminate\\Pipeline\\Pipeline::prepareDestination():178}(Object(Illuminate\\Http\\Request))
#16 /home/noshad/Desktop/Laravel-projects/pos-system/vendor/laravel/framework/src/Illuminate/Pipeline/Pipeline.php(219): Illuminate\\Routing\\Middleware\\SubstituteBindings->handle(Object(Illuminate\\Http\\Request), Object(Closure))
#17 /home/noshad/Desktop/Laravel-projects/pos-system/vendor/laravel/framework/src/Illuminate/Auth/Middleware/Authenticate.php(63): Illuminate\\Pipeline\\Pipeline->{closure:{closure:Illuminate\\Pipeline\\Pipeline::carry():194}:195}(Object(Illuminate\\Http\\Request))
#18 /home/noshad/Desktop/Laravel-projects/pos-system/vendor/laravel/framework/src/Illuminate/Pipeline/Pipeline.php(219): Illuminate\\Auth\\Middleware\\Authenticate->handle(Object(Illuminate\\Http\\Request), Object(Closure))
#19 /home/noshad/Desktop/Laravel-projects/pos-system/vendor/laravel/framework/src/Illuminate/Foundation/Http/Middleware/PreventRequestForgery.php(104): Illuminate\\Pipeline\\Pipeline->{closure:{closure:Illuminate\\Pipeline\\Pipeline::carry():194}:195}(Object(Illuminate\\Http\\Request))
#20 /home/noshad/Desktop/Laravel-projects/pos-system/vendor/laravel/framework/src/Illuminate/Pipeline/Pipeline.php(219): Illuminate\\Foundation\\Http\\Middleware\\PreventRequestForgery->handle(Object(Illuminate\\Http\\Request), Object(Closure))
#21 /home/noshad/Desktop/Laravel-projects/pos-system/vendor/laravel/framework/src/Illuminate/View/Middleware/ShareErrorsFromSession.php(48): Illuminate\\Pipeline\\Pipeline->{closure:{closure:Illuminate\\Pipeline\\Pipeline::carry():194}:195}(Object(Illuminate\\Http\\Request))
#22 /home/noshad/Desktop/Laravel-projects/pos-system/vendor/laravel/framework/src/Illuminate/Pipeline/Pipeline.php(219): Illuminate\\View\\Middleware\\ShareErrorsFromSession->handle(Object(Illuminate\\Http\\Request), Object(Closure))
#23 /home/noshad/Desktop/Laravel-projects/pos-system/vendor/laravel/framework/src/Illuminate/Session/Middleware/StartSession.php(120): Illuminate\\Pipeline\\Pipeline->{closure:{closure:Illuminate\\Pipeline\\Pipeline::carry():194}:195}(Object(Illuminate\\Http\\Request))
#24 /home/noshad/Desktop/Laravel-projects/pos-system/vendor/laravel/framework/src/Illuminate/Session/Middleware/StartSession.php(63): Illuminate\\Session\\Middleware\\StartSession->handleStatefulRequest(Object(Illuminate\\Http\\Request), Object(Illuminate\\Session\\Store), Object(Closure))
#25 /home/noshad/Desktop/Laravel-projects/pos-system/vendor/laravel/framework/src/Illuminate/Pipeline/Pipeline.php(219): Illuminate\\Session\\Middleware\\StartSession->handle(Object(Illuminate\\Http\\Request), Object(Closure))
#26 /home/noshad/Desktop/Laravel-projects/pos-system/vendor/laravel/framework/src/Illuminate/Cookie/Middleware/AddQueuedCookiesToResponse.php(36): Illuminate\\Pipeline\\Pipeline->{closure:{closure:Illuminate\\Pipeline\\Pipeline::carry():194}:195}(Object(Illuminate\\Http\\Request))
#27 /home/noshad/Desktop/Laravel-projects/pos-system/vendor/laravel/framework/src/Illuminate/Pipeline/Pipeline.php(219): Illuminate\\Cookie\\Middleware\\AddQueuedCookiesToResponse->handle(Object(Illuminate\\Http\\Request), Object(Closure))
#28 /home/noshad/Desktop/Laravel-projects/pos-system/vendor/laravel/framework/src/Illuminate/Cookie/Middleware/EncryptCookies.php(74): Illuminate\\Pipeline\\Pipeline->{closure:{closure:Illuminate\\Pipeline\\Pipeline::carry():194}:195}(Object(Illuminate\\Http\\Request))
#29 /home/noshad/Desktop/Laravel-projects/pos-system/vendor/laravel/framework/src/Illuminate/Pipeline/Pipeline.php(219): Illuminate\\Cookie\\Middleware\\EncryptCookies->handle(Object(Illuminate\\Http\\Request), Object(Closure))
#30 /home/noshad/Desktop/Laravel-projects/pos-system/vendor/laravel/framework/src/Illuminate/Pipeline/Pipeline.php(137): Illuminate\\Pipeline\\Pipeline->{closure:{closure:Illuminate\\Pipeline\\Pipeline::carry():194}:195}(Object(Illuminate\\Http\\Request))
#31 /home/noshad/Desktop/Laravel-projects/pos-system/vendor/laravel/framework/src/Illuminate/Routing/Router.php(821): Illuminate\\Pipeline\\Pipeline->then(Object(Closure))
#32 /home/noshad/Desktop/Laravel-projects/pos-system/vendor/laravel/framework/src/Illuminate/Routing/Router.php(800): Illuminate\\Routing\\Router->runRouteWithinStack(Object(Illuminate\\Routing\\Route), Object(Illuminate\\Http\\Request))
#33 /home/noshad/Desktop/Laravel-projects/pos-system/vendor/laravel/framework/src/Illuminate/Routing/Router.php(764): Illuminate\\Routing\\Router->runRoute(Object(Illuminate\\Http\\Request), Object(Illuminate\\Routing\\Route))
#34 /home/noshad/Desktop/Laravel-projects/pos-system/vendor/laravel/framework/src/Illuminate/Routing/Router.php(753): Illuminate\\Routing\\Router->dispatchToRoute(Object(Illuminate\\Http\\Request))
#35 /home/noshad/Desktop/Laravel-projects/pos-system/vendor/laravel/framework/src/Illuminate/Foundation/Http/Kernel.php(200): Illuminate\\Routing\\Router->dispatch(Object(Illuminate\\Http\\Request))
#36 /home/noshad/Desktop/Laravel-projects/pos-system/vendor/laravel/framework/src/Illuminate/Pipeline/Pipeline.php(180): Illuminate\\Foundation\\Http\\Kernel->{closure:Illuminate\\Foundation\\Http\\Kernel::dispatchToRouter():197}(Object(Illuminate\\Http\\Request))
#37 /home/noshad/Desktop/Laravel-projects/pos-system/vendor/laravel/framework/src/Illuminate/Foundation/Http/Middleware/TransformsRequest.php(21): Illuminate\\Pipeline\\Pipeline->{closure:Illuminate\\Pipeline\\Pipeline::prepareDestination():178}(Object(Illuminate\\Http\\Request))
#38 /home/noshad/Desktop/Laravel-projects/pos-system/vendor/laravel/framework/src/Illuminate/Foundation/Http/Middleware/ConvertEmptyStringsToNull.php(31): Illuminate\\Foundation\\Http\\Middleware\\TransformsRequest->handle(Object(Illuminate\\Http\\Request), Object(Closure))
#39 /home/noshad/Desktop/Laravel-projects/pos-system/vendor/laravel/framework/src/Illuminate/Pipeline/Pipeline.php(219): Illuminate\\Foundation\\Http\\Middleware\\ConvertEmptyStringsToNull->handle(Object(Illuminate\\Http\\Request), Object(Closure))
#40 /home/noshad/Desktop/Laravel-projects/pos-system/vendor/laravel/framework/src/Illuminate/Foundation/Http/Middleware/TransformsRequest.php(21): Illuminate\\Pipeline\\Pipeline->{closure:{closure:Illuminate\\Pipeline\\Pipeline::carry():194}:195}(Object(Illuminate\\Http\\Request))
#41 /home/noshad/Desktop/Laravel-projects/pos-system/vendor/laravel/framework/src/Illuminate/Foundation/Http/Middleware/TrimStrings.php(51): Illuminate\\Foundation\\Http\\Middleware\\TransformsRequest->handle(Object(Illuminate\\Http\\Request), Object(Closure))
#42 /home/noshad/Desktop/Laravel-projects/pos-system/vendor/laravel/framework/src/Illuminate/Pipeline/Pipeline.php(219): Illuminate\\Foundation\\Http\\Middleware\\TrimStrings->handle(Object(Illuminate\\Http\\Request), Object(Closure))
#43 /home/noshad/Desktop/Laravel-projects/pos-system/vendor/laravel/framework/src/Illuminate/Http/Middleware/ValidatePostSize.php(27): Illuminate\\Pipeline\\Pipeline->{closure:{closure:Illuminate\\Pipeline\\Pipeline::carry():194}:195}(Object(Illuminate\\Http\\Request))
#44 /home/noshad/Desktop/Laravel-projects/pos-system/vendor/laravel/framework/src/Illuminate/Pipeline/Pipeline.php(219): Illuminate\\Http\\Middleware\\ValidatePostSize->handle(Object(Illuminate\\Http\\Request), Object(Closure))
#45 /home/noshad/Desktop/Laravel-projects/pos-system/vendor/laravel/framework/src/Illuminate/Foundation/Http/Middleware/PreventRequestsDuringMaintenance.php(110): Illuminate\\Pipeline\\Pipeline->{closure:{closure:Illuminate\\Pipeline\\Pipeline::carry():194}:195}(Object(Illuminate\\Http\\Request))
#46 /home/noshad/Desktop/Laravel-projects/pos-system/vendor/laravel/framework/src/Illuminate/Pipeline/Pipeline.php(219): Illuminate\\Foundation\\Http\\Middleware\\PreventRequestsDuringMaintenance->handle(Object(Illuminate\\Http\\Request), Object(Closure))
#47 /home/noshad/Desktop/Laravel-projects/pos-system/vendor/laravel/framework/src/Illuminate/Http/Middleware/HandleCors.php(61): Illuminate\\Pipeline\\Pipeline->{closure:{closure:Illuminate\\Pipeline\\Pipeline::carry():194}:195}(Object(Illuminate\\Http\\Request))
#48 /home/noshad/Desktop/Laravel-projects/pos-system/vendor/laravel/framework/src/Illuminate/Pipeline/Pipeline.php(219): Illuminate\\Http\\Middleware\\HandleCors->handle(Object(Illuminate\\Http\\Request), Object(Closure))
#49 /home/noshad/Desktop/Laravel-projects/pos-system/vendor/laravel/framework/src/Illuminate/Http/Middleware/TrustProxies.php(58): Illuminate\\Pipeline\\Pipeline->{closure:{closure:Illuminate\\Pipeline\\Pipeline::carry():194}:195}(Object(Illuminate\\Http\\Request))
#50 /home/noshad/Desktop/Laravel-projects/pos-system/vendor/laravel/framework/src/Illuminate/Pipeline/Pipeline.php(219): Illuminate\\Http\\Middleware\\TrustProxies->handle(Object(Illuminate\\Http\\Request), Object(Closure))
#51 /home/noshad/Desktop/Laravel-projects/pos-system/vendor/laravel/framework/src/Illuminate/Pipeline/Pipeline.php(137): Illuminate\\Pipeline\\Pipeline->{closure:{closure:Illuminate\\Pipeline\\Pipeline::carry():194}:195}(Object(Illuminate\\Http\\Request))
#52 /home/noshad/Desktop/Laravel-projects/pos-system/vendor/laravel/framework/src/Illuminate/Foundation/Http/Kernel.php(175): Illuminate\\Pipeline\\Pipeline->then(Object(Closure))
#53 /home/noshad/Desktop/Laravel-projects/pos-system/vendor/laravel/framework/src/Illuminate/Foundation/Http/Kernel.php(144): Illuminate\\Foundation\\Http\\Kernel->sendRequestThroughRouter(Object(Illuminate\\Http\\Request))
#54 /home/noshad/Desktop/Laravel-projects/pos-system/public/index.php(18): Illuminate\\Foundation\\Http\\Kernel->handle(Object(Illuminate\\Http\\Request))
#55 {main}
"} 
[2026-10-01 05:06:06] local.ERROR: Attempt to read property "id" on null {"userId":1,"exception":"[object] (ErrorException(code: 0): Attempt to read property \"id\" on null at /home/noshad/Desktop/Laravel-projects/pos-system/app/Http/Requests/UpdateTableRequest.php:30)
[stacktrace]
#0 /home/noshad/Desktop/Laravel-projects/pos-system/vendor/laravel/framework/src/Illuminate/Foundation/Bootstrap/HandleExceptions.php(265): Illuminate\\Foundation\\Bootstrap\\HandleExceptions->handleError(2, 'Attempt to read...', '/home/noshad/De...', 30)
#1 /home/noshad/Desktop/Laravel-projects/pos-system/app/Http/Requests/UpdateTableRequest.php(30): Illuminate\\Foundation\\Bootstrap\\HandleExceptions->{closure:Illuminate\\Foundation\\Bootstrap\\HandleExceptions::forwardsTo():264}(2, 'Attempt to read...', '/home/noshad/De...', 30)
#2 /home/noshad/Desktop/Laravel-projects/pos-system/vendor/laravel/framework/src/Illuminate/Container/BoundMethod.php(36): App\\Http\\Requests\\UpdateTableRequest->rules()
#3 /home/noshad/Desktop/Laravel-projects/pos-system/vendor/laravel/framework/src/Illuminate/Container/Util.php(43): Illuminate\\Container\\BoundMethod::{closure:Illuminate\\Container\\BoundMethod::call():35}()
#4 /home/noshad/Desktop/Laravel-projects/pos-system/vendor/laravel/framework/src/Illuminate/Container/BoundMethod.php(96): Illuminate\\Container\\Util::unwrapIfClosure(Object(Closure))
#5 /home/noshad/Desktop/Laravel-projects/pos-system/vendor/laravel/framework/src/Illuminate/Container/BoundMethod.php(35): Illuminate\\Container\\BoundMethod::callBoundMethod(Object(Illuminate\\Foundation\\Application), Array, Object(Closure))
#6 /home/noshad/Desktop/Laravel-projects/pos-system/vendor/laravel/framework/src/Illuminate/Container/Container.php(803): Illuminate\\Container\\BoundMethod::call(Object(Illuminate\\Foundation\\Application), Array, Array, NULL)
#7 /home/noshad/Desktop/Laravel-projects/pos-system/vendor/laravel/framework/src/Illuminate/Foundation/Http/FormRequest.php(208): Illuminate\\Container\\Container->call(Array)
#8 /home/noshad/Desktop/Laravel-projects/pos-system/vendor/laravel/framework/src/Illuminate/Foundation/Http/FormRequest.php(173): Illuminate\\Foundation\\Http\\FormRequest->validationRules()
#9 /home/noshad/Desktop/Laravel-projects/pos-system/vendor/laravel/framework/src/Illuminate/Foundation/Http/FormRequest.php(106): Illuminate\\Foundation\\Http\\FormRequest->createDefaultValidator(Object(Illuminate\\Validation\\Factory))
#10 /home/noshad/Desktop/Laravel-projects/pos-system/vendor/laravel/framework/src/Illuminate/Validation/ValidatesWhenResolvedTrait.php(25): Illuminate\\Foundation\\Http\\FormRequest->getValidatorInstance()
#11 /home/noshad/Desktop/Laravel-projects/pos-system/vendor/laravel/framework/src/Illuminate/Foundation/Providers/FormRequestServiceProvider.php(30): Illuminate\\Foundation\\Http\\FormRequest->validateResolved()
#12 /home/noshad/Desktop/Laravel-projects/pos-system/vendor/laravel/framework/src/Illuminate/Container/Container.php(1647): Illuminate\\Foundation\\Providers\\FormRequestServiceProvider->{closure:Illuminate\\Foundation\\Providers\\FormRequestServiceProvider::boot():29}(Object(App\\Http\\Requests\\UpdateTableRequest), Object(Illuminate\\Foundation\\Application))
#13 /home/noshad/Desktop/Laravel-projects/pos-system/vendor/laravel/framework/src/Illuminate/Container/Container.php(1585): Illuminate\\Container\\Container->fireCallbackArray(Object(App\\Http\\Requests\\UpdateTableRequest), Array)
#14 /home/noshad/Desktop/Laravel-projects/pos-system/vendor/laravel/framework/src/Illuminate/Container/Container.php(1571): Illuminate\\Container\\Container->fireAfterResolvingCallbacks('App\\\\Http\\\\Reques...', Object(App\\Http\\Requests\\UpdateTableRequest))
#15 /home/noshad/Desktop/Laravel-projects/pos-system/vendor/laravel/framework/src/Illuminate/Container/Container.php(957): Illuminate\\Container\\Container->fireResolvingCallbacks('App\\\\Http\\\\Reques...', Object(App\\Http\\Requests\\UpdateTableRequest))
#16 /home/noshad/Desktop/Laravel-projects/pos-system/vendor/laravel/framework/src/Illuminate/Foundation/Application.php(1085): Illuminate\\Container\\Container->resolve('App\\\\Http\\\\Reques...', Array, true)
#17 /home/noshad/Desktop/Laravel-projects/pos-system/vendor/laravel/framework/src/Illuminate/Container/Container.php(867): Illuminate\\Foundation\\Application->resolve('App\\\\Http\\\\Reques...', Array)
#18 /home/noshad/Desktop/Laravel-projects/pos-system/vendor/laravel/framework/src/Illuminate/Foundation/Application.php(1065): Illuminate\\Container\\Container->make('App\\\\Http\\\\Reques...', Array)
#19 /home/noshad/Desktop/Laravel-projects/pos-system/vendor/laravel/framework/src/Illuminate/Routing/ResolvesRouteDependencies.php(92): Illuminate\\Foundation\\Application->make('App\\\\Http\\\\Reques...')
#20 /home/noshad/Desktop/Laravel-projects/pos-system/vendor/laravel/framework/src/Illuminate/Routing/ResolvesRouteDependencies.php(51): Illuminate\\Routing\\ControllerDispatcher->transformDependency(Object(ReflectionParameter), Array, Object(stdClass))
#21 /home/noshad/Desktop/Laravel-projects/pos-system/vendor/laravel/framework/src/Illuminate/Routing/ResolvesRouteDependencies.php(30): Illuminate\\Routing\\ControllerDispatcher->resolveMethodDependencies(Array, Object(ReflectionMethod))
#22 /home/noshad/Desktop/Laravel-projects/pos-system/vendor/laravel/framework/src/Illuminate/Routing/ControllerDispatcher.php(59): Illuminate\\Routing\\ControllerDispatcher->resolveClassMethodDependencies(Array, Object(App\\Http\\Controllers\\TableController), 'update')
#23 /home/noshad/Desktop/Laravel-projects/pos-system/vendor/laravel/framework/src/Illuminate/Routing/ControllerDispatcher.php(40): Illuminate\\Routing\\ControllerDispatcher->resolveParameters(Object(Illuminate\\Routing\\Route), Object(App\\Http\\Controllers\\TableController), 'update')
#24 /home/noshad/Desktop/Laravel-projects/pos-system/vendor/laravel/framework/src/Illuminate/Routing/Route.php(276): Illuminate\\Routing\\ControllerDispatcher->dispatch(Object(Illuminate\\Routing\\Route), Object(App\\Http\\Controllers\\TableController), 'update')
#25 /home/noshad/Desktop/Laravel-projects/pos-system/vendor/laravel/framework/src/Illuminate/Routing/Route.php(216): Illuminate\\Routing\\Route->runController()
#26 /home/noshad/Desktop/Laravel-projects/pos-system/vendor/laravel/framework/src/Illuminate/Routing/Router.php(822): Illuminate\\Routing\\Route->run()
#27 /home/noshad/Desktop/Laravel-projects/pos-system/vendor/laravel/framework/src/Illuminate/Pipeline/Pipeline.php(180): Illuminate\\Routing\\Router->{closure:Illuminate\\Routing\\Router::runRouteWithinStack():821}(Object(Illuminate\\Http\\Request))
#28 /home/noshad/Desktop/Laravel-projects/pos-system/vendor/laravel/framework/src/Illuminate/Routing/Middleware/SubstituteBindings.php(52): Illuminate\\Pipeline\\Pipeline->{closure:Illuminate\\Pipeline\\Pipeline::prepareDestination():178}(Object(Illuminate\\Http\\Request))
#29 /home/noshad/Desktop/Laravel-projects/pos-system/vendor/laravel/framework/src/Illuminate/Pipeline/Pipeline.php(219): Illuminate\\Routing\\Middleware\\SubstituteBindings->handle(Object(Illuminate\\Http\\Request), Object(Closure))
#30 /home/noshad/Desktop/Laravel-projects/pos-system/vendor/laravel/framework/src/Illuminate/Auth/Middleware/Authenticate.php(63): Illuminate\\Pipeline\\Pipeline->{closure:{closure:Illuminate\\Pipeline\\Pipeline::carry():194}:195}(Object(Illuminate\\Http\\Request))
#31 /home/noshad/Desktop/Laravel-projects/pos-system/vendor/laravel/framework/src/Illuminate/Pipeline/Pipeline.php(219): Illuminate\\Auth\\Middleware\\Authenticate->handle(Object(Illuminate\\Http\\Request), Object(Closure))
#32 /home/noshad/Desktop/Laravel-projects/pos-system/vendor/laravel/framework/src/Illuminate/Foundation/Http/Middleware/PreventRequestForgery.php(104): Illuminate\\Pipeline\\Pipeline->{closure:{closure:Illuminate\\Pipeline\\Pipeline::carry():194}:195}(Object(Illuminate\\Http\\Request))
#33 /home/noshad/Desktop/Laravel-projects/pos-system/vendor/laravel/framework/src/Illuminate/Pipeline/Pipeline.php(219): Illuminate\\Foundation\\Http\\Middleware\\PreventRequestForgery->handle(Object(Illuminate\\Http\\Request), Object(Closure))
#34 /home/noshad/Desktop/Laravel-projects/pos-system/vendor/laravel/framework/src/Illuminate/View/Middleware/ShareErrorsFromSession.php(48): Illuminate\\Pipeline\\Pipeline->{closure:{closure:Illuminate\\Pipeline\\Pipeline::carry():194}:195}(Object(Illuminate\\Http\\Request))
#35 /home/noshad/Desktop/Laravel-projects/pos-system/vendor/laravel/framework/src/Illuminate/Pipeline/Pipeline.php(219): Illuminate\\View\\Middleware\\ShareErrorsFromSession->handle(Object(Illuminate\\Http\\Request), Object(Closure))
#36 /home/noshad/Desktop/Laravel-projects/pos-system/vendor/laravel/framework/src/Illuminate/Session/Middleware/StartSession.php(120): Illuminate\\Pipeline\\Pipeline->{closure:{closure:Illuminate\\Pipeline\\Pipeline::carry():194}:195}(Object(Illuminate\\Http\\Request))
#37 /home/noshad/Desktop/Laravel-projects/pos-system/vendor/laravel/framework/src/Illuminate/Session/Middleware/StartSession.php(63): Illuminate\\Session\\Middleware\\StartSession->handleStatefulRequest(Object(Illuminate\\Http\\Request), Object(Illuminate\\Session\\Store), Object(Closure))
#38 /home/noshad/Desktop/Laravel-projects/pos-system/vendor/laravel/framework/src/Illuminate/Pipeline/Pipeline.php(219): Illuminate\\Session\\Middleware\\StartSession->handle(Object(Illuminate\\Http\\Request), Object(Closure))
#39 /home/noshad/Desktop/Laravel-projects/pos-system/vendor/laravel/framework/src/Illuminate/Cookie/Middleware/AddQueuedCookiesToResponse.php(36): Illuminate\\Pipeline\\Pipeline->{closure:{closure:Illuminate\\Pipeline\\Pipeline::carry():194}:195}(Object(Illuminate\\Http\\Request))
#40 /home/noshad/Desktop/Laravel-projects/pos-system/vendor/laravel/framework/src/Illuminate/Pipeline/Pipeline.php(219): Illuminate\\Cookie\\Middleware\\AddQueuedCookiesToResponse->handle(Object(Illuminate\\Http\\Request), Object(Closure))
#41 /home/noshad/Desktop/Laravel-projects/pos-system/vendor/laravel/framework/src/Illuminate/Cookie/Middleware/EncryptCookies.php(74): Illuminate\\Pipeline\\Pipeline->{closure:{closure:Illuminate\\Pipeline\\Pipeline::carry():194}:195}(Object(Illuminate\\Http\\Request))
#42 /home/noshad/Desktop/Laravel-projects/pos-system/vendor/laravel/framework/src/Illuminate/Pipeline/Pipeline.php(219): Illuminate\\Cookie\\Middleware\\EncryptCookies->handle(Object(Illuminate\\Http\\Request), Object(Closure))
#43 /home/noshad/Desktop/Laravel-projects/pos-system/vendor/laravel/framework/src/Illuminate/Pipeline/Pipeline.php(137): Illuminate\\Pipeline\\Pipeline->{closure:{closure:Illuminate\\Pipeline\\Pipeline::carry():194}:195}(Object(Illuminate\\Http\\Request))
#44 /home/noshad/Desktop/Laravel-projects/pos-system/vendor/laravel/framework/src/Illuminate/Routing/Router.php(821): Illuminate\\Pipeline\\Pipeline->then(Object(Closure))
#45 /home/noshad/Desktop/Laravel-projects/pos-system/vendor/laravel/framework/src/Illuminate/Routing/Router.php(800): Illuminate\\Routing\\Router->runRouteWithinStack(Object(Illuminate\\Routing\\Route), Object(Illuminate\\Http\\Request))
#46 /home/noshad/Desktop/Laravel-projects/pos-system/vendor/laravel/framework/src/Illuminate/Routing/Router.php(764): Illuminate\\Routing\\Router->runRoute(Object(Illuminate\\Http\\Request), Object(Illuminate\\Routing\\Route))
#47 /home/noshad/Desktop/Laravel-projects/pos-system/vendor/laravel/framework/src/Illuminate/Routing/Router.php(753): Illuminate\\Routing\\Router->dispatchToRoute(Object(Illuminate\\Http\\Request))
#48 /home/noshad/Desktop/Laravel-projects/pos-system/vendor/laravel/framework/src/Illuminate/Foundation/Http/Kernel.php(200): Illuminate\\Routing\\Router->dispatch(Object(Illuminate\\Http\\Request))
#49 /home/noshad/Desktop/Laravel-projects/pos-system/vendor/laravel/framework/src/Illuminate/Pipeline/Pipeline.php(180): Illuminate\\Foundation\\Http\\Kernel->{closure:Illuminate\\Foundation\\Http\\Kernel::dispatchToRouter():197}(Object(Illuminate\\Http\\Request))
#50 /home/noshad/Desktop/Laravel-projects/pos-system/vendor/laravel/framework/src/Illuminate/Foundation/Http/Middleware/TransformsRequest.php(21): Illuminate\\Pipeline\\Pipeline->{closure:Illuminate\\Pipeline\\Pipeline::prepareDestination():178}(Object(Illuminate\\Http\\Request))
#51 /home/noshad/Desktop/Laravel-projects/pos-system/vendor/laravel/framework/src/Illuminate/Foundation/Http/Middleware/ConvertEmptyStringsToNull.php(31): Illuminate\\Foundation\\Http\\Middleware\\TransformsRequest->handle(Object(Illuminate\\Http\\Request), Object(Closure))
#52 /home/noshad/Desktop/Laravel-projects/pos-system/vendor/laravel/framework/src/Illuminate/Pipeline/Pipeline.php(219): Illuminate\\Foundation\\Http\\Middleware\\ConvertEmptyStringsToNull->handle(Object(Illuminate\\Http\\Request), Object(Closure))
#53 /home/noshad/Desktop/Laravel-projects/pos-system/vendor/laravel/framework/src/Illuminate/Foundation/Http/Middleware/TransformsRequest.php(21): Illuminate\\Pipeline\\Pipeline->{closure:{closure:Illuminate\\Pipeline\\Pipeline::carry():194}:195}(Object(Illuminate\\Http\\Request))
#54 /home/noshad/Desktop/Laravel-projects/pos-system/vendor/laravel/framework/src/Illuminate/Foundation/Http/Middleware/TrimStrings.php(51): Illuminate\\Foundation\\Http\\Middleware\\TransformsRequest->handle(Object(Illuminate\\Http\\Request), Object(Closure))
#55 /home/noshad/Desktop/Laravel-projects/pos-system/vendor/laravel/framework/src/Illuminate/Pipeline/Pipeline.php(219): Illuminate\\Foundation\\Http\\Middleware\\TrimStrings->handle(Object(Illuminate\\Http\\Request), Object(Closure))
#56 /home/noshad/Desktop/Laravel-projects/pos-system/vendor/laravel/framework/src/Illuminate/Http/Middleware/ValidatePostSize.php(27): Illuminate\\Pipeline\\Pipeline->{closure:{closure:Illuminate\\Pipeline\\Pipeline::carry():194}:195}(Object(Illuminate\\Http\\Request))
#57 /home/noshad/Desktop/Laravel-projects/pos-system/vendor/laravel/framework/src/Illuminate/Pipeline/Pipeline.php(219): Illuminate\\Http\\Middleware\\ValidatePostSize->handle(Object(Illuminate\\Http\\Request), Object(Closure))
#58 /home/noshad/Desktop/Laravel-projects/pos-system/vendor/laravel/framework/src/Illuminate/Foundation/Http/Middleware/PreventRequestsDuringMaintenance.php(110): Illuminate\\Pipeline\\Pipeline->{closure:{closure:Illuminate\\Pipeline\\Pipeline::carry():194}:195}(Object(Illuminate\\Http\\Request))
#59 /home/noshad/Desktop/Laravel-projects/pos-system/vendor/laravel/framework/src/Illuminate/Pipeline/Pipeline.php(219): Illuminate\\Foundation\\Http\\Middleware\\PreventRequestsDuringMaintenance->handle(Object(Illuminate\\Http\\Request), Object(Closure))
#60 /home/noshad/Desktop/Laravel-projects/pos-system/vendor/laravel/framework/src/Illuminate/Http/Middleware/HandleCors.php(61): Illuminate\\Pipeline\\Pipeline->{closure:{closure:Illuminate\\Pipeline\\Pipeline::carry():194}:195}(Object(Illuminate\\Http\\Request))
#61 /home/noshad/Desktop/Laravel-projects/pos-system/vendor/laravel/framework/src/Illuminate/Pipeline/Pipeline.php(219): Illuminate\\Http\\Middleware\\HandleCors->handle(Object(Illuminate\\Http\\Request), Object(Closure))
#62 /home/noshad/Desktop/Laravel-projects/pos-system/vendor/laravel/framework/src/Illuminate/Http/Middleware/TrustProxies.php(58): Illuminate\\Pipeline\\Pipeline->{closure:{closure:Illuminate\\Pipeline\\Pipeline::carry():194}:195}(Object(Illuminate\\Http\\Request))
#63 /home/noshad/Desktop/Laravel-projects/pos-system/vendor/laravel/framework/src/Illuminate/Pipeline/Pipeline.php(219): Illuminate\\Http\\Middleware\\TrustProxies->handle(Object(Illuminate\\Http\\Request), Object(Closure))
#64 /home/noshad/Desktop/Laravel-projects/pos-system/vendor/laravel/framework/src/Illuminate/Pipeline/Pipeline.php(137): Illuminate\\Pipeline\\Pipeline->{closure:{closure:Illuminate\\Pipeline\\Pipeline::carry():194}:195}(Object(Illuminate\\Http\\Request))
#65 /home/noshad/Desktop/Laravel-projects/pos-system/vendor/laravel/framework/src/Illuminate/Foundation/Http/Kernel.php(175): Illuminate\\Pipeline\\Pipeline->then(Object(Closure))
#66 /home/noshad/Desktop/Laravel-projects/pos-system/vendor/laravel/framework/src/Illuminate/Foundation/Http/Kernel.php(144): Illuminate\\Foundation\\Http\\Kernel->sendRequestThroughRouter(Object(Illuminate\\Http\\Request))
#67 /home/noshad/Desktop/Laravel-projects/pos-system/public/index.php(18): Illuminate\\Foundation\\Http\\Kernel->handle(Object(Illuminate\\Http\\Request))
#68 {main}
"} 
